Name,Display Name,Icon,Description,Type,Weapon Type,Uses,Mt,Hit,Wt,Crit,Range,Price Per Use,Display Price,Weapon Level,WEXP
IronSword,Iron Sword,https://cdn.discordapp.com/attachments/1161059985598447646/1204088541244817468/IronSword.png?ex=65d375d7&is=65c100d7&hm=85cf6e6c5db88e36398df7907fe8913674b1155d973b4f2e63b4394a724dd614&,None,Weapon,Sword,40,6,90,6,0,1,10,Yes,E,2
SlimSword,Slim Sword,https://cdn.discordapp.com/attachments/1161059985598447646/1204088569074032782/SlimSword.png?ex=65d375dd&is=65c100dd&hm=de06cda8e87f3410a28f0f523fe33fd34dbbcd562022c9f8ee1a4a0c05cc9290&,+3 Spd. Light and easy to hit with.,Weapon,Sword,30,3,105,2,0,1,25,Yes,E,2
SteelSword,Steel Sword,https://cdn.discordapp.com/attachments/1161059985598447646/1204088566938869771/SteelSword.png?ex=65d375dd&is=65c100dd&hm=97026b3e44fb835556ba56936dbf7eb4c5d3ed8fb5127c1620bf94b6c4a3532c&,None,Weapon,Sword,30,9,85,10,0,1,30,Yes,D,2
SilverSword,Silver Sword,https://cdn.discordapp.com/attachments/1161059985598447646/1204088568792744016/SilverSword.png?ex=65d375dd&is=65c100dd&hm=510100760512e18874e7441407bcd10dedaf79a42ebc059e8e3ed732e16f08d9&,None,Weapon,Sword,25,13,75,8,0,1,60,Yes,B,2
IronBlade,Iron Blade,https://cdn.discordapp.com/attachments/1161059985598447646/1204088540795768842/IronBlade.png?ex=65d375d7&is=65c100d7&hm=7c8fa0f15764cd416b36f72d7f9b1f5191dfa4398b813df73d2b641b99077f0d&,Best handled by experienced units.,Weapon,Sword,35,10,65,7,0,1,28,Yes,D,2
SteelBlade,Steel Blade,https://cdn.discordapp.com/attachments/1161059985598447646/1204088567886778478/Is_gba_steel_blade.png?ex=65d375dd&is=65c100dd&hm=0817910ac60f0c0d9ebb3e49cffbf362e7c1d195358b316dfe3060f8e1760bfc&,Best handled by experienced units.,Weapon,Sword,25,13,60,11,0,1,50,Yes,C,2
SilverBlade,Silver Blade,https://cdn.discordapp.com/attachments/1161059985598447646/1204088567635378257/Is_gba_silver_blade.png?ex=65d375dd&is=65c100dd&hm=ba880bb13c4f47dfcee05e3145ca6bc2e99bdea4bdf6c9aa62f1c9982a87b658&,Best handled by experienced units.,Weapon,Sword,20,17,50,7,0,1,120,Yes,B,2
PoisonSword,Poison Sword,https://cdn.discordapp.com/attachments/1161059985598447646/1204089103109586984/Is_gba_poison_sword.png?ex=65d3765d&is=65c1015d&hm=a0325b46c84e91f3073d7b803654641aa44199f4596997afe52da8aefafa83ab&,Coated in lethal poison.,Weapon,Sword,40,4,70,6,0,1,0,No,D,2
GaleBlade,Gale Blade,https://cdn.discordapp.com/attachments/1161059985598447646/1204098207362326548/galeblade.png?ex=65d37ed7&is=65c109d7&hm=13a881070b44c1fe532964dbdc9417680489bd3e5cf00a0692a01c0f6febf355&,"Puzon only. Hits Res, effective against fliers.",Weapon,Sword,35,9,90,11,0,1,20,No,Prf,2
Rapier,Rapier,https://cdn.discordapp.com/attachments/1161059985598447646/1204088540435324958/Is_gba_rapier.png?ex=65d375d6&is=65c100d6&hm=91497fd51a13179ad7296c7e03d812c0c32a489b26d7a0ab7e7ce5b2f7e1b3a0&,Effective against armors/cavalry.,Weapon,Sword,40,7,95,5,0,1,150,Yes,C,2
NobleRapier,Noble Rapier,https://cdn.discordapp.com/attachments/1161059985598447646/1204098231890350180/noblerapier.png?ex=65d37edd&is=65c109dd&hm=036132c2be5bb876a1532d6d07adf826fbb0ad8325ed65511037ae3f2fb2c9fe&,Effective against armors/cavalry.,Weapon,Sword,18,10,90,5,0,1,150,No,A,2
Dirk,Dirk,https://cdn.discordapp.com/attachments/1161059985598447646/1204098763975827536/dirk.png?ex=65d37f5c&is=65c10a5c&hm=794918fc87e896c47799f8bcb69dca9e4f87074f926105c4d980f302289bd832&,"Thieves only. Reaver, pierces defense.",Weapon,Sword,30,2,95,4,0,2-Jan,60,Yes,E,2
Glaurung,Glaurung,https://cdn.discordapp.com/attachments/1161059985598447646/1204098207647404062/glaurung.png?ex=65d37ed7&is=65c109d7&hm=eda81b35296924b8f08fed81b24e3d0dff0ef6b56412d95a9ed4d1e663e04fad&,Thieves only. Applies Berserk on hit.,Weapon,Sword,7,0,90,19,0,5-Jan,200,Yes,D,2
BraveSword,Brave Sword,https://cdn.discordapp.com/attachments/1161059985598447646/1204088541768974417/Is_gba_brave_sword.png?ex=65d375d7&is=65c100d7&hm=67dba2e47f1a3285497a94bca1a22aa85eb8f472b45a741986f7681b8db69ea6&,"Can strike consecutively, -4 Def/Res.",Weapon,Sword,30,8,80,12,0,1,200,Yes,A,2
RegalBlade,Regal Blade,https://cdn.discordapp.com/attachments/1161059985598447646/1204090561439596574/Is_gba_regal_blade.png?ex=65d377b8&is=65c102b8&hm=3fe0aa874ecec0a5e020f42c4d84b42fbd8ec0748425865af3a6ec877d4ae488&,For experienced units only.,Weapon,Sword,25,20,85,9,0,1,600,No,S,2
RegaleBlade,Regale Blade,https://cdn.discordapp.com/attachments/1161059985598447646/1204098232171364382/regaleblade.png?ex=65d37edd&is=65c109dd&hm=3f75cf4b747c2dc8616fe1484307e4b00aa674d32d956a1beb6ef38fc51aba32&,"Hits Res, effective against fliers. Grants flight to units with S Swords and the word ""Lord"" in their class name while held.",Weapon,Sword,40,13,85,9,0,1,600,No,S,2
KillingEdge,Killing Edge,https://cdn.discordapp.com/attachments/1161059985598447646/1204088542003724308/Is_gba_killing_edge.png?ex=65d375d7&is=65c100d7&hm=f32231b82287ea475592b056cf73508fe638819039fe2ba29b8341acf9c2ffa5&,Improves critical hit rate.,Weapon,Sword,20,9,75,7,30,1,65,Yes,C,2
WoDao,Wo Dao,https://cdn.discordapp.com/attachments/1161059985598447646/1204089956369174538/Is_gba_wo_dao.png?ex=65d37728&is=65c10228&hm=9a76256016b1e3c66dc928765f374d5681406d4cc2c26649d8be4208bce303ca&,Myrms only. Improves critical hit rate.,Weapon,Sword,20,8,75,5,40,1,60,Yes,D,2
Goujian,Goujian,https://cdn.discordapp.com/attachments/1161059985598447646/1204088567417143296/Is_gba_shamshir.png?ex=65d375dd&is=65c100dd&hm=a2fe579ef3c1e0067c056216293e29fe208d2534fb4adb644fbfcc748e419fcf&,"Myrms only. Reaver, effective against armors.",Weapon,Sword,22,11,90,8,0,1,55,Yes,C,2
RuneBlade,Rune Blade,https://cdn.discordapp.com/attachments/1161059985598447646/1204098232486076488/runeblade.png?ex=65d37edd&is=65c109dd&hm=5aa44603338186f53ac7a2c19fc394d32cdedc9c5bdaf71e9a033a7fe5ceaab2&,Myrms only. +2 Def/Res. Use to summon a Light Rune.,Weapon,Sword,18,7,80,10,0,1,70,Yes,D,2
ManiKatti,Mani Katti,https://cdn.discordapp.com/attachments/1161059985598447646/1204088542960029736/Is_gba_mani_katti.png?ex=65d375d7&is=65c100d7&hm=97a8cb2ad4ca761b84456f686d1a183835b50bb0d95440679652f9a8c2569801&,"Myrms only. High crit, effective against armors/cavalry.",Weapon,Sword,25,8,80,3,20,1,0,No,Prf,2
SolKatti,Sol Katti,https://cdn.discordapp.com/attachments/1161059985598447646/1204089956189077584/Is_gba_sol_katti.png?ex=65d37728&is=65c10228&hm=7ca926c9ba039e8f30bddeaae3bc5892f43ee2efd185c768da8d92b64e20eae4&,"Effective against dragons, +5 Res.",Weapon,Sword,30,12,95,14,25,1,0,No,C,2
BindingBlade,Binding Blade,https://cdn.discordapp.com/attachments/1161059985598447646/1204090136187375728/Is_gba_binding_blade.png?ex=65d37753&is=65c10253&hm=4151a2807ad2f0088784d6e60bf4853aefdfd08225ce1462043121fe091dc6ec&,"Master Lord only. Effective against dragons, +5 Def/Res.",Weapon,Sword,30,18,95,8,0,2-Jan,0,No,Prf,2
Durandal,Durandal,https://cdn.discordapp.com/attachments/1161059985598447646/1204089957023621160/Is_gba_durandal.png?ex=65d37728&is=65c10228&hm=d84c335214945d89fad983850d7c4e14a1b495e4003a5c308f105eeeed9e5581&,"The Blazing Blade. +5 Str, effective against dragons.",Weapon,Sword,40,17,90,16,0,2-Jan,0,No,S,2
Armorslayer,Armorslayer,https://cdn.discordapp.com/attachments/1161059985598447646/1204088541521645658/Is_gba_armorslayer.png?ex=65d375d7&is=65c100d7&hm=ff0969992aa1d6dd2c999212c6cdafc00f46f215c3937a9d2093d19025737845&,Effective against armors.,Weapon,Sword,22,8,80,11,0,1,70,Yes,C,2
Zanbato,Zanbato,https://cdn.discordapp.com/attachments/1161059985598447646/1204088542733803610/Is_gba_longsword.png?ex=65d375d7&is=65c100d7&hm=70057b8834c7091b36ac734e36e20d00d9918df94ee18c4d2bd2705b88a85f10&,Effective against cavaliers.,Weapon,Sword,18,7,75,10,0,1,70,Yes,C,2
Longsword,Zanbato,https://cdn.discordapp.com/attachments/1161059985598447646/1204088542733803610/Is_gba_longsword.png?ex=65d375d7&is=65c100d7&hm=70057b8834c7091b36ac734e36e20d00d9918df94ee18c4d2bd2705b88a85f10&,Effective against cavaliers.,Weapon,Sword,18,7,75,10,0,1,70,Yes,C,2
Wyrmslayer,Wyrmslayer,https://cdn.discordapp.com/attachments/1161059985598447646/1204088568457338890/Is_gba_wyrmslayer.png?ex=65d375dd&is=65c100dd&hm=9e2d30c42ded774ea61607e232d40307099f5c429777bbccd751ee8c7ac10001&,Effective against wyverns and manaketes.,Weapon,Sword,20,8,85,5,0,1,70,Yes,C,2
Magebane,Magebane,https://cdn.discordapp.com/attachments/1161059985598447646/1204098231689154570/magebane.png?ex=65d37edd&is=65c109dd&hm=73d28823c252d22f7b17f6abde2d0f6859aa9aa4ad02e901c0f0af785ff5529b&,Effective against mages. +5 Res.,Weapon,Sword,20,6,85,8,0,1,70,Yes,D,2
LightBrand,Light Brand,https://cdn.discordapp.com/attachments/1161059985598447646/1204088542482014208/Is_gba_light_brand.png?ex=65d375d7&is=65c100d7&hm=c35291d1faa2919c2fad6a168da6dca0af38c77893c4b05a614e3262d47851c7&,"Magic. At range, uses Pow/2 and can't crit.",Weapon,Sword,25,10,80,9,0,2-Jan,50,Yes,C,2
WindSword,Wind Sword,https://cdn.discordapp.com/attachments/1161059985598447646/1204088568184836096/Is_gba_wind_sword.png?ex=65d375dd&is=65c100dd&hm=1f1339e9ac8ff5fbd884c93513d18636abb8c63b327f97c43b59a12d97f053d0&,"Magic. At range, uses Pow/2 and can't crit. Effective against fliers.",Weapon,Sword,40,8,95,7,0,2-Jan,200,Yes,B,2
FlameBlade,Flame Blade,https://cdn.discordapp.com/attachments/1161059985598447646/1204098208184143952/flameblade.png?ex=65d37ed7&is=65c109d7&hm=dd0e28d17aca77bcac80eff1b7f1d2d5bec8b8a970626b34cf27a99da94a5ec2&,"Magic. At range, uses Pow/2 and can't crit.",Weapon,Sword,20,16,85,14,0,2-Jan,150,Yes,B,2
Runesword,Runesword,https://cdn.discordapp.com/attachments/1161059985598447646/1204088567178072174/Is_gba_runesword.png?ex=65d375dd&is=65c100dd&hm=b0591c8e1f33bf00793a093e7206dc3c8c49e27767b0af6c4abe80454d60bfab&,"Magic, uses Pow/2, can't crit. Drains HP.",Weapon,Sword,15,14,65,11,0,2-Jan,220,Yes,A,2
LunarBlade,Lunar Blade,https://cdn.discordapp.com/attachments/1161059985598447646/1204098231307608114/lunarblade.png?ex=65d37edd&is=65c109dd&hm=03527890701cbcaa9c6b6d156b1d285def77d9e990348ed14b9ed090e3372f30&,"Magic. At range, uses Pow/2 and can't crit.",Weapon,Sword,20,13,70,12,0,2-Jan,0,No,A,2
Lancereaver,Lancereaver,https://cdn.discordapp.com/attachments/1161059985598447646/1204088542259585075/Is_gba_lancereaver.png?ex=65d375d7&is=65c100d7&hm=c84a839dc2d51caba10ed77e3a7b6f2873276484fe022b12fa0ffbb156109038&,Reverses and doubles Weapon Triangle.,Weapon,Sword,20,8,80,8,0,1,100,Yes,C,2
Zweihander,Zweihander,https://cdn.discordapp.com/attachments/1161059985598447646/1204098764680335370/zweihander.png?ex=65d37f5c&is=65c10a5c&hm=15c7ee4b9e0220ab683e5fe9bb73c3c3782e41da53510eaa3404991dd8cc8c89&,None,Weapon,Sword,30,15,80,13,0,1,60,Yes,D,2
OniKatti,Oni Katti,https://cdn.discordapp.com/attachments/1161059985598447646/1204098764231409684/onikatti.png?ex=65d37f5c&is=65c10a5c&hm=e8ecbd423737dd1377055ef8e8dc4d8caa690652de7a32ac3f3a51e4c14749fe&,Unbreakable. Drags souls back to their mortal shells.,Weapon,Sword,0,9,120,6,20,1,0,No,S,2
DeusKatti,Deus Katti,https://cdn.discordapp.com/attachments/1161059985598447646/1204098207903121468/deuskatti.png?ex=65d37ed7&is=65c109d7&hm=628e65df12abc80cd00ccd60b2997524fb952de88fd922ad87d744be14eef9e3&,"Puzon only. Hits Res, effective against armors/cavalry.",Weapon,Sword,32,14,70,14,40,1,0,No,Prf,2
IronLance,Iron Lance,https://cdn.discordapp.com/attachments/1161059985598447646/1204091600272359454/Is_gba_iron_lance.png?ex=65d378b0&is=65c103b0&hm=c7562688a187c81dbdf6c0fb757b3d1959d22c85ebb710d5d11c96406c23bb1a&,None,Weapon,Lance,40,7,85,8,0,1,10,Yes,E,2
SlimLance,Slim Lance,https://cdn.discordapp.com/attachments/1161059985598447646/1204091600871890984/Is_gba_slim_lance.png?ex=65d378b0&is=65c103b0&hm=7ba41cf58f7e7a83776323f50495bcd03ee6f340a09042f64def4f887285d5db&,+3 Spd. Light and easy to hit with.,Weapon,Lance,30,4,100,4,0,1,25,Yes,E,2
SteelLance,Steel Lance,https://cdn.discordapp.com/attachments/1161059985598447646/1204091601102708736/Is_gba_steel_lance.png?ex=65d378b0&is=65c103b0&hm=adc3c32ebefde3982eb8a6126c2e272d8cfb6e173b6850b095ec6afdef9e570e&,None,Weapon,Lance,30,10,80,12,0,1,20,Yes,D,2
SilverLance,Silver Lance,https://cdn.discordapp.com/attachments/1161059985598447646/1204091600679079956/Is_gba_silver_lance.png?ex=65d378b0&is=65c103b0&hm=b260f84c10ac7e26a82ec1533f84b3cc9491de77d54094c96e67618b9a9e5438&,None,Weapon,Lance,25,14,70,10,0,1,60,Yes,B,2
Heartpiercer,Heartpiercer,https://cdn.discordapp.com/attachments/1161059985598447646/1204091667305467915/Is_gba_poison_lance.png?ex=65d378c0&is=65c103c0&hm=162777ef3b4e28b47b1b6f5c1f7966cfede189c32f6bfefa28b51cfc722fe09e&,"Effective against swordfighters (Merc, Myrm, Roy.)",Weapon,Lance,15,10,80,9,0,1,55,Yes,C,2
MilitaryFork,Military Fork,https://cdn.discordapp.com/attachments/1161059985598447646/1204100595653410876/fork.png?ex=65d38111&is=65c10c11&hm=ef7c9ac57eee9bfdf2729816b06306a685102129b700f7ff1458b4afc1022810&,None,Weapon,Lance,40,13,65,15,0,1,15,Yes,D,2
BraveLance,Brave Lance,https://cdn.discordapp.com/attachments/1161059985598447646/1204091600016515162/Is_gba_brave_lance.png?ex=65d378b0&is=65c103b0&hm=92ac18b2d930c906e8830393170707fabe082a22fec8ff1a7c1193fea15fc4ef&,"Can strike consecutively, -4 Def/Res.",Weapon,Lance,30,9,75,14,0,1,200,Yes,A,2
KillerLance,Killer Lance,https://cdn.discordapp.com/attachments/1161059985598447646/1204091600481812490/Is_gba_killer_lance.png?ex=65d378b0&is=65c103b0&hm=54a6c74d326da4ae90dfea354d65744811c9078d8a82465077975e0bf9ba5c89&,Improves critical hit rate.,Weapon,Lance,20,10,70,9,30,1,65,Yes,C,2
HeavySpear,Heavy Spear,https://cdn.discordapp.com/attachments/1161059985598447646/1204091668530208798/Is_gba_heavy_spear.png?ex=65d378c0&is=65c103c0&hm=411bee119257e1f2188c4bacddc91e1abfa04a81b61fb97baa7c943f31abc7c9&,Effective against armors.,Weapon,Lance,16,9,70,14,0,1,75,Yes,C,2
Ridersbane,Ridersbane,https://cdn.discordapp.com/attachments/1161059985598447646/1204091666710011955/Is_gba_horseslayer.png?ex=65d378c0&is=65c103c0&hm=8e79b4430f4e6dbd32dd44ed5bc11b9af35487d309e160ee13570dc8796f263a&,Effective against cavalry.,Weapon,Lance,18,9,75,13,0,1,65,Yes,C,2
Horseslayer,Ridersbane,https://cdn.discordapp.com/attachments/1161059985598447646/1204091666710011955/Is_gba_horseslayer.png?ex=65d378c0&is=65c103c0&hm=8e79b4430f4e6dbd32dd44ed5bc11b9af35487d309e160ee13570dc8796f263a&,Effective against cavalry.,Weapon,Lance,18,9,75,13,0,1,65,Yes,C,2
Knightkneeler,Knightkneeler,https://cdn.discordapp.com/attachments/1161059985598447646/1204100595871645786/knightkneeler.png?ex=65d38111&is=65c10c11&hm=8ff3c25f273e07785eb30464abcc37bb88a609c9b90f06d7e6c4fa9288dfea15&,Effective against cavalry.,Weapon,Lance,18,15,75,13,0,1,120,Yes,A,2
Dragonpike,Dragonpike,https://cdn.discordapp.com/attachments/1161059985598447646/1204091668039733280/Is_gba_dragonspear.png?ex=65d378c0&is=65c103c0&hm=368d9650637203db708693e88cb924ab55d5e47f12aba1632066960f3bdf51a3&,Effective against wyverns and manaketes.,Weapon,Lance,20,10,75,8,0,1,65,Yes,C,2
DurensSpear,Duren's Spear,https://cdn.discordapp.com/attachments/1161059985598447646/1204100595250896917/durenspear.png?ex=65d38111&is=65c10c11&hm=6160c18e6b3cb0c7265e9ff495a07bbc4d5ae878d6eda8dbeecbf4c1de3e1f85&,"Armors only. +4 Def, can attack at range.",Weapon,Lance,24,6,80,13,0,2-Jan,74,Yes,D,2
FeimazuoDao,Feimazuo Dao,https://cdn.discordapp.com/attachments/1161059985598447646/1204100595447898172/feimazuodao.png?ex=65d38111&is=65c10c11&hm=29534c0ff221d7720d6580e44c7188e18caebe0e35db54b057de26a0a1474dfa&,Pegasi only. +2 Luck/Res.,Weapon,Lance,22,9,85,4,0,1,30,Yes,E,2
Javelin,Javelin,https://cdn.discordapp.com/attachments/1161059985598447646/1204091731427991552/Is_gba_javelin.png?ex=65d378cf&is=65c103cf&hm=83ec25b75b73b1a5a88daf464f9ab80342e71f7ef3ed8dfcc745df0298a30a2d&,Can attack at range.,Weapon,Lance,20,6,75,12,0,2-Jan,28,Yes,D,2
ShortSpear,Short Spear,https://cdn.discordapp.com/attachments/1161059985598447646/1204091730409033798/Is_gba_short_spear.png?ex=65d378cf&is=65c103cf&hm=1d2d769381d790f351f4b0cb87ca736293c9e3dee9f4d59ea4ad7ad593787a7a&,Can attack at range.,Weapon,Lance,25,9,65,13,0,2-Jan,50,Yes,C,2
Spear,Spear,https://cdn.discordapp.com/attachments/1161059985598447646/1204091730903826483/Is_gba_spear.png?ex=65d378cf&is=65c103cf&hm=c62e56300de82eae74fb4dc94ff17007e7ad4c0691d54e091cf5bc2f4b9c9b5e&,Can attack at range.,Weapon,Lance,15,12,70,11,0,2-Jan,200,Yes,B,2
VaidasSpear,Vaida's Spear,https://cdn.discordapp.com/attachments/1161059985598447646/1204091730903826483/Is_gba_spear.png?ex=65d378cf&is=65c103cf&hm=c62e56300de82eae74fb4dc94ff17007e7ad4c0691d54e091cf5bc2f4b9c9b5e&,"Can attack at range. +17 HP, +5 Pow, +4 Skl, +9 Spd, +4 Def +14 Res.",Weapon,Lance,15,12,70,11,0,2-Jan,600,Yes,B,2
Uberspear,Vaida's Spear,https://cdn.discordapp.com/attachments/1161059985598447646/1204091730903826483/Is_gba_spear.png?ex=65d378cf&is=65c103cf&hm=c62e56300de82eae74fb4dc94ff17007e7ad4c0691d54e091cf5bc2f4b9c9b5e&,"Can attack at range. +17 HP, +5 Pow, +4 Skl, +9 Spd, +4 Def +14 Res.",Weapon,Lance,15,12,70,11,0,2-Jan,600,Yes,B,2
RoseofWar,Rose of War,https://cdn.discordapp.com/attachments/1161059985598447646/1204100594873139250/roseofwar.png?ex=65d38110&is=65c10c10&hm=ee2244125da5b20dfe3b7cd592e484f494a15928389343cf8d7a18e33568d6f0&,"Amelia only. Hits Res, +2 All (not including Mov/Con.)",Weapon,Lance,25,14,85,7,0,2-Jan,0,No,Prf,2
Nibelung,Nibelung,https://cdn.discordapp.com/attachments/1161059985598447646/1204100596097880095/nibelung.png?ex=65d38111&is=65c10c11&hm=92ae43ba6b9b3a723cff89aa1f458fa88095018d7ccb2f74a09bd09f33963792&,"Pulses with power. +3 Skl/Res, +4 Luck.",Weapon,Lance,40,13,90,9,0,2-Jan,0,No,S,2
Axereaver,Axereaver,https://cdn.discordapp.com/attachments/1161059985598447646/1204091731147227136/Is_gba_axereaver.png?ex=65d378cf&is=65c103cf&hm=cb3990fd13e46023e195e0253ef0bdfa550c807c1c824a6c7c3bc0e914f4fc1a&,Reverses and doubles Weapon Triangle.,Weapon,Lance,20,9,75,10,0,1,100,Yes,C,2
Reginleif,Reginleif,https://cdn.discordapp.com/attachments/1161059985598447646/1204091667636944896/Is_gba_reginleif.png?ex=65d378c0&is=65c103c0&hm=214d35e64f63fce0e6ad0419ce511b6c471e9af3772d9caa0507167846ed253a&,Effective against armors/cavalry.,Weapon,Lance,45,10,80,8,0,1,80,Yes,C,2
Saunion,Saunion,https://cdn.discordapp.com/attachments/1161059985598447646/1204100595066085426/saunion.png?ex=65d38110&is=65c10c10&hm=5a3b098034b2307aec0956b06172303d8a45471098240f2d27586bc7afe4f9c1&,"Extended attack range, can't fight in melee.",Weapon,Lance,22,8,70,12,0,3-Feb,50,Yes,C,2
Pilum,Pilum,https://cdn.discordapp.com/attachments/1161059985598447646/1204100594655170600/pilum.png?ex=65d38110&is=65c10c10&hm=0a689bd1433077fdcf5df308851031de057bd36fd47b0475755839e61771132b&,Thany only. Extended attack range.,Weapon,Lance,35,5,90,4,70,3-Jan,0,No,Prf,2
IronAxe,Iron Axe,https://cdn.discordapp.com/attachments/1161059985598447646/1204093210524258354/Is_gba_iron_axe.png?ex=65d37a30&is=65c10530&hm=802c0a408a47aca0dbce46704e4e55f814a3b0294b1153ef95d3e6f93ff949ef&,None,Weapon,Axe,40,8,80,9,0,1,10,Yes,E,2
TheIronAxe,The Iron Axe,https://cdn.discordapp.com/attachments/1161059985598447646/1204093210524258354/Is_gba_iron_axe.png?ex=65d37a30&is=65c10530&hm=802c0a408a47aca0dbce46704e4e55f814a3b0294b1153ef95d3e6f93ff949ef&,Appearances can be deceiving...,Weapon,Axe,40,8,80,9,0,1,10,No,E,2
SlimAxe,Slim Axe,https://cdn.discordapp.com/attachments/1161059985598447646/1204101902103613544/slimaxe.png?ex=65d38248&is=65c10d48&hm=7b01a75bc23da69774da8409bd6d494bd8255269d6c3357ed44fe209f0a5e7b0&,+3 Spd. Light and easy to hit with.,Weapon,Axe,30,5,95,4,0,1,25,Yes,E,2
SteelAxe,Steel Axe,https://cdn.discordapp.com/attachments/1161059985598447646/1204093211505856522/Is_gba_steel_axe.png?ex=65d37a30&is=65c10530&hm=377135aa199ab08f08114c959541654ef64c7d41b4e6743454e3f7da7dce7b12&,None,Weapon,Axe,30,11,75,13,0,1,20,Yes,D,2
SilverAxe,Silver Axe,https://cdn.discordapp.com/attachments/1161059985598447646/1204093211245543496/Is_gba_silver_axe.png?ex=65d37a30&is=65c10530&hm=5b3b89e59405cc593a3b778b4c6c71abe5ac73a6321ed854026bc83bfaa62fde&,None,Weapon,Axe,25,15,65,11,0,1,60,Yes,B,2
BattleAxe,Battle Axe,https://cdn.discordapp.com/attachments/1161059985598447646/1204093211824361514/Is_gba_battle_axe.png?ex=65d37a30&is=65c10530&hm=20bb7673585c07b64646e12116fb521de253918730204b007c1a7b57e5306a6c&,An axe too large to miss with.,Weapon,Axe,25,13,90,8,0,1,60,Yes,B,2
WolfBeil,Wolf Beil,https://cdn.discordapp.com/attachments/1161059985598447646/1204090846207549450/Is_gba_wolf_beil.png?ex=65d377fc&is=65c102fc&hm=de2f22b279f85d380c2cf4c2787914b0267f73d773284dc380454448ac4ef0a7&,Effective against armors/cavalry.,Weapon,Axe,30,12,75,10,5,1,100,Yes,B,2
Armads,Armads,https://cdn.discordapp.com/attachments/1161059985598447646/1204090846400610334/Is_gba_armads.png?ex=65d377fc&is=65c102fc&hm=00cc1b9aa5b03a6c10b59eef4f1d70b6a96323126ffdbbe7c89c4ab24631c5a0&,The Thunder Axe. +5 Def.,Weapon,Axe,40,18,85,8,0,2-Jan,0,No,Prf,2
BraveAxe,Brave Axe,https://cdn.discordapp.com/attachments/1161059985598447646/1204093212034342912/Is_gba_brave_axe.png?ex=65d37a30&is=65c10530&hm=730a2273cce7d0316507aca6bc2f8e1b6d1c7657b96ab6e52e66109b12ea2a2c&,"Can strike consecutively, -4 Def/Res.",Weapon,Axe,30,10,70,15,0,1,200,Yes,A,2
Raionos,Raionos,https://cdn.discordapp.com/attachments/1161059985598447646/1204101901465952376/raionos.png?ex=65d38248&is=65c10d48&hm=212aadadbd2afe2a5d6cc6a296d8eef33187cd414b1efcbf419bea72ce2cd363&,Thunder will hear your cry. Hits Res.,Weapon,Axe,30,15,165,15,0,2-Jan,0,No,A,2
Basilikos,Basilikos,https://cdn.discordapp.com/attachments/1161059985598447646/1204090846618853436/Is_gba_basilikos.png?ex=65d377fc&is=65c102fc&hm=30027d046f9432d2e8cb0857d61449f4dbb4fc9e9675425d0c08037b1598d974&,For experienced units only.,Weapon,Axe,25,22,75,13,0,1,600,No,S,2
EnduringSoul,Enduring Soul,https://cdn.discordapp.com/attachments/1161059985598447646/1204101901164093510/enduringsoul.png?ex=65d38248&is=65c10d48&hm=96c638a0b40bf28dedad7b5a259cbddeea2eb16bbc7d424b3b9b8914c5f2f05c&,Warrior only. +3 Str/Def/Res.,Weapon,Axe,13,13,63,13,0,1,85,Yes,B,2
ElimineAxe,Elimine Axe,https://cdn.discordapp.com/attachments/1161059985598447646/1204101900941656144/elimineaxe.png?ex=65d38248&is=65c10d48&hm=c2dc3a95274fdd5c6b63bf0b5e835183c47955be26fa6ed5f13d4cef3355b390&,Can be used as a Vulnerary (Heals 15 HP.),Weapon,Axe,30,9,75,11,0,1,40,Yes,D,2
ImmortalAxe,Elimine Axe,https://cdn.discordapp.com/attachments/1161059985598447646/1204101900941656144/elimineaxe.png?ex=65d38248&is=65c10d48&hm=c2dc3a95274fdd5c6b63bf0b5e835183c47955be26fa6ed5f13d4cef3355b390&,Can be used as a Vulnerary (Heals 15 HP.),Weapon,Axe,30,9,75,11,0,1,40,Yes,D,2
KillerAxe,Killer Axe,https://cdn.discordapp.com/attachments/1161059985598447646/1204093211002535987/Is_gba_killer_axe.png?ex=65d37a30&is=65c10530&hm=47a909c6fb06aa8bbb4ae92243e8ca95ac2f8c56dde05eb281c6e55bd8091273&,Critical hits land more easily.,Weapon,Axe,20,11,65,11,30,1,65,Yes,C,2
Halberd,Halberd,https://cdn.discordapp.com/attachments/1161059985598447646/1204093470977818694/Is_gba_halberd.png?ex=65d37a6e&is=65c1056e&hm=af9480a4109cef5ed44bcca1f1195f3c2290db59be0ac3ad55755cdc23d44628&,Effective against cavalry.,Weapon,Axe,20,10,65,14,0,1,45,Yes,C,2
Hammer,Hammer,https://cdn.discordapp.com/attachments/1161059985598447646/1204093471405899777/Is_gba_hammer.png?ex=65d37a6e&is=65c1056e&hm=4c20d6fee63ad9823681b39c04d188bb87d755f5c7980b6b76f67c7393ce8bcf&,Effective against armors.,Weapon,Axe,20,12,60,15,0,1,40,Yes,C,2
DragonAxe,Dragon Axe,https://cdn.discordapp.com/attachments/1161059985598447646/1204093470776631366/Is_gba_dragon_axe.png?ex=65d37a6e&is=65c1056e&hm=457b138c3da32b8f6797fd9dcc210d224ed1feb893f64f5f1cd879d4f3a4cb86&,Effective against wyverns and manaketes.,Weapon,Axe,20,12,65,11,0,1,60,Yes,C,2
DevilAxe,Devil Axe,https://cdn.discordapp.com/attachments/1161059985598447646/1204093495401254995/Is_gba_devil_axe.png?ex=65d37a74&is=65c10574&hm=7196d2e274ab007870d97000f262b1b74f5ab4dc79726bac05b2c90de43e7830&,Might injure its wielder (31-Luck%.),Weapon,Axe,9,23,100,18,0,1,140,Yes,E,2
HandAxe,Hand Axe,https://cdn.discordapp.com/attachments/1161059985598447646/1204093242748964905/Is_gba_hand_axe.png?ex=65d37a38&is=65c10538&hm=e86488808771df648bd3107938d5b76a2d64347f41944d3f25c7c9c8a1f9fee7&,Can attack at range.,Weapon,Axe,20,7,70,13,0,2-Jan,28,Yes,D,2
ShortAxe,Short Axe,https://cdn.discordapp.com/attachments/1161059985598447646/1204101901831118908/shortaxe.png?ex=65d38248&is=65c10d48&hm=053707b95aed72f8547a914ab8d5968602b966ae59735ac300920c323e5a8622&,Can attack at range.,Weapon,Axe,25,10,55,14,0,2-Jan,48,Yes,C,2
Tomahawk,Tomahawk,https://cdn.discordapp.com/attachments/1161059985598447646/1204093242480525332/Is_gba_tomahawk.png?ex=65d37a37&is=65c10537&hm=7813b7dbe980d612d22278b5dbd8ef26de4aaf9e3ca31aa40cbd555d226fed27&,Can attack at range.,Weapon,Axe,15,13,65,12,0,2-Jan,200,Yes,A,2
Hatchet,Hatchet,https://cdn.discordapp.com/attachments/1161059985598447646/1204093243000881162/Is_gba_hatchet.png?ex=65d37a38&is=65c10538&hm=d58f770cb4f523be94c2538201faf9ec54a9407c43c84360f0bea718e37bf9d8&,Can attack at range.,Weapon,Axe,30,4,85,5,0,2-Jan,0,No,E,2
Swordreaver,Swordreaver,https://cdn.discordapp.com/attachments/1161059985598447646/1204093495657103401/Is_gba_swordreaver.png?ex=65d37a74&is=65c10574&hm=0b586ad44621f5cbd7c6b68458b278c226220cafb1b150fe9b36dc700a9586f3&,Reverses and doubles Weapon Triangle.,Weapon,Axe,20,10,70,12,0,1,100,Yes,C,2
Swordslayer,Swordslayer,https://cdn.discordapp.com/attachments/1161059985598447646/1204093470306734141/Is_gba_swordslayer.png?ex=65d37a6e&is=65c1056e&hm=d62d78391cdf08e0d7868b2e0052e5a9a11e7e4b8a3b6f2bd578cb0a45112478&,"Reaver, effective against swordfighters (Merc, Myrm, Roy.)",Weapon,Axe,20,11,80,13,0,1,100,Yes,B,2
AxoTheTitan,Ax o' The Titan,https://cdn.discordapp.com/attachments/1161059985598447646/1204101900698652774/titanaxe.png?ex=65d38248&is=65c10d48&hm=af36a5fd203dddd56fb0b7e2e5f2be873743070e2897cac06fbc6ced410ef28b&,The second strongest weapon ever forged.,Weapon,Axe,35,35,35,35,35,1,55,Yes,A,2
TitanAxe,Ax o' The Titan,https://cdn.discordapp.com/attachments/1161059985598447646/1204101900698652774/titanaxe.png?ex=65d38248&is=65c10d48&hm=af36a5fd203dddd56fb0b7e2e5f2be873743070e2897cac06fbc6ced410ef28b&,The second strongest weapon ever forged.,Weapon,Axe,35,35,35,35,35,1,55,Yes,A,2
IronBow,Iron Bow,https://cdn.discordapp.com/attachments/1161059985598447646/1204094344110280754/Is_gba_iron_bow.png?ex=65d37b3e&is=65c1063e&hm=eae9cda866e330a33c74f3316627fa0679965490139a320113012dd4246fd3b3&,None,Weapon,Bow,40,7,85,6,0,2,10,Yes,E,2
ShortBow,Short Bow,https://cdn.discordapp.com/attachments/1161059985598447646/1204094344710070313/Is_gba_short_bow.png?ex=65d37b3e&is=65c1063e&hm=7615576847e8c44b8b45390e8318e11e96caa4790afc1510772940aa5950c202&,+3 Spd. Light and easy to hit with.,Weapon,Bow,30,4,100,3,0,2,25,Yes,E,2
SteelBow,Steel Bow,https://cdn.discordapp.com/attachments/1161059985598447646/1204094345121103892/Is_gba_steel_bow.png?ex=65d37b3e&is=65c1063e&hm=5d00eed8cbe6667b2af4d02ea043af70877aa42b4b7374094cf3e797500fb216&,None,Weapon,Bow,30,10,80,10,0,2,20,Yes,D,2
SilverBow,Silver Bow,https://cdn.discordapp.com/attachments/1161059985598447646/1204094344907456613/Is_gba_silver_bow.png?ex=65d37b3e&is=65c1063e&hm=3177e1837395939d78bb3a907cc8fd8c51a8da5bc8171a6d2b04e84bd05b5183&,None,Weapon,Bow,25,14,70,8,0,2,60,Yes,B,2
PoisonBow,Poison Bow,https://cdn.discordapp.com/attachments/1161059985598447646/1204094423726694400/Is_gba_poison_bow.png?ex=65d37b51&is=65c10651&hm=b2f5e1632cbb4646fa5af8055a2e4f4e96a0ebb3a7c72f0ef0741fcafa20057b&,Poisons on hit. Please don't buy this.,Weapon,Bow,40,4,65,5,0,2,20,Yes,D,2
Delphi,Delphi,https://cdn.discordapp.com/attachments/1161059985598447646/1204094425911787570/Is_gba_nidhogg.png?ex=65d37b52&is=65c10652&hm=fe496ce7f27e1130307925afd67331091d5ba3a310aafca74b39afd54c2a4d6b&,"Unbreakable, can't crit/double, not effective against fliers. A massive golden bow.",Weapon,Bow,0,10,100,15,0,10-Mar,0,No,S,2
Skadi,Skadi,https://cdn.discordapp.com/attachments/1161059985598447646/1204103332344635443/skadi.png?ex=65d3839d&is=65c10e9d&hm=344b3b5c9eda1d1713e5492865e922f02a7819f45a41692a03a0595a7df2f420&,"+2 Res, unparalleled range.",Weapon,Bow,30,15,95,15,0,4-Jan,0,No,S,2
KillerBow,Killer Bow,https://cdn.discordapp.com/attachments/1161059985598447646/1204094344450150520/Is_gba_killer_bow.png?ex=65d37b3e&is=65c1063e&hm=4a15a2592638eafdd9be78dbaef593cbfcb0d907704362809da0c08bdc4c0000&,Improves critical hit rate.,Weapon,Bow,20,10,75,7,30,2,65,Yes,C,2
BraveBow,Brave Bow,https://cdn.discordapp.com/attachments/1161059985598447646/1204094345373032498/Is_gba_brave_bow.png?ex=65d37b3e&is=65c1063e&hm=b048659d1a30abb6bac85c20e8c5b602ccbc79d4ce2c2fa43673568d581a5d70&,"Can strike consecutively, -4 Def/Res.",Weapon,Bow,30,9,75,12,0,2,250,Yes,A,2
Moonbow,Moonbow,https://cdn.discordapp.com/attachments/1161059985598447646/1204103332117872660/moonbow.png?ex=65d3839d&is=65c10e9d&hm=48ea47436ff6749d9c14f0e51fafa1df2fc499225224ff49470ef1e4e55077ff&,"Effective against armors, pierces defense.",Weapon,Bow,18,4,80,10,0,2,60,Yes,C,2
Swiftshot,Swiftshot,https://cdn.discordapp.com/attachments/1161059985598447646/1204103333074309260/swiftshot.png?ex=65d3839d&is=65c10e9d&hm=292d1c28ad46bfd752406a708aa91a844645e0a8608eeeca060a93f01b19cd5e&,+5 Spd. Swift as the wind.,Weapon,Bow,20,16,80,5,0,2,100,Yes,A,2
SpellsealBow,Spellseal Bow,https://cdn.discordapp.com/attachments/1161059985598447646/1204103332759867483/spellbane.png?ex=65d3839d&is=65c10e9d&hm=e1b7d7471428721849e2632d8fa6e8fedad6bf1d10566f01cf2be9a896eb417a&,"Effective against mages, but not fliers. +5 Res.",Weapon,Bow,22,12,85,12,0,2,75,Yes,B,2
SpellsBane,Spellseal Bow,https://cdn.discordapp.com/attachments/1161059985598447646/1204103332759867483/spellbane.png?ex=65d3839d&is=65c10e9d&hm=e1b7d7471428721849e2632d8fa6e8fedad6bf1d10566f01cf2be9a896eb417a&,"Effective against mages, but not fliers. +5 Res.",Weapon,Bow,22,12,85,12,0,2,75,Yes,B,2
Longbow,Longbow,https://cdn.discordapp.com/attachments/1161059985598447646/1204094425274261544/Is_gba_longbow.png?ex=65d37b51&is=65c10651&hm=c31aaf16c243350cd9d2c5a2ff83fe1b882d533139cac52e353b3ce2e485f239&,Extended attack range.,Weapon,Bow,25,7,75,11,0,3-Feb,70,Yes,C,2
Greatbow,Greatbow,https://cdn.discordapp.com/attachments/1161059985598447646/1204103331669090346/greatbow.png?ex=65d3839d&is=65c10e9d&hm=efbf4a843b722ce9f83cc810c6bac68f5f3fbdf5087951c428dc69966d3f0882&,Extended attack range. Effective against fliers.,Weapon,Bow,20,12,70,13,0,3-Feb,125,Yes,A,2
Hwatcha,Hwatcha,https://cdn.discordapp.com/attachments/1161059985598447646/1204094424964136971/Is_gba_killer_ballista.png?ex=65d37b51&is=65c10651&hm=44c5d1c023489d41cbc9295582ee913186ddc3004183b4e1a84d19bd010e46f0&,Can't crit. Longish-range weapon.,Weapon,Bow,10,14,65,20,0,7-Mar,0,No,E,2
Ballista,Ballista,https://cdn.discordapp.com/attachments/1161059985598447646/1204094423974023198/Is_gba_ballista.png?ex=65d37b51&is=65c10651&hm=e4d75e26ab530c336f046620120172a7de2e706b18e76b902b07ebf1e56a1b64&,Can't crit. Long-range weapon.,Weapon,Bow,10,9,85,20,0,10-Mar,0,No,E,2
IronBallista,Iron Ballista,https://cdn.discordapp.com/attachments/1161059985598447646/1204094424267890818/Is_gba_iron_ballista.png?ex=65d37b51&is=65c10651&hm=3e5ac90ba6ec5d2727c138806fb2a854042146674d01850880b85d63de716f3c&,Can't crit. Super long-range weapon.,Weapon,Bow,10,8,75,20,0,15-Mar,0,No,E,2
WhaleHunter,Whale Hunter,https://cdn.discordapp.com/attachments/1161059985598447646/1204103333300797530/whalehunter.png?ex=65d3839d&is=65c10e9d&hm=7cc8b6d8c2b3daa12f492c3af1c6868d7b89fc6f1348752e330454c14b1951cb&,Heavy and brittle.,Weapon,Bow,8,21,90,24,0,2,220,Yes,D,2
KrakenHunter,Kraken Hunter,https://cdn.discordapp.com/attachments/1161059985598447646/1204103331866218576/krakenhunter.png?ex=65d3839d&is=65c10e9d&hm=b2cdbe7ad6eca7d875e03084d61ce3aaa7fd80b94e93ad928f38c8905d15ac23&,The strongest weapon ever forged.,Weapon,Bow,7,36,120,36,0,2,274,Yes,A,2
Fire,Fire,https://cdn.discordapp.com/attachments/1161059985598447646/1204104457185665084/fire.png?ex=65d384a9&is=65c10fa9&hm=72369a6e4452c809acd3d90ca3a5c18b983f57c32f14c6931a2692c9ccf69c41&,None,Weapon,Anima,40,5,95,4,0,2-Jan,10,Yes,E,2
Thunder,Thunder,https://cdn.discordapp.com/attachments/1161059985598447646/1204104456321368095/Is_ds_thunder.png?ex=65d384a9&is=65c10fa9&hm=716e803582f26becfe01a9839a774d0bd6bbfa2f5925335c4ef1384777f0674a&,None,Weapon,Anima,35,8,85,6,0,2-Jan,20,Yes,D,2
Elfire,Elfire,https://cdn.discordapp.com/attachments/1161059985598447646/1204095339003510864/Is_gba_elfire.png?ex=65d37c2b&is=65c1072b&hm=02930083f9c15e6040f9d12da201d55f4c2f57ea7b91cb800dd912697ad952c9&,None,Weapon,Anima,30,11,90,10,0,2-Jan,40,Yes,C,2
Bolting,Bolting,https://cdn.discordapp.com/attachments/1161059985598447646/1204095339259240508/Is_gba_bolting.png?ex=65d37c2b&is=65c1072b&hm=3a7d4cf5d91ca85be17c73cf14471f288b391eb758788a16f66fe03838102cec&,Long-range lightning strike.,Weapon,Anima,10,10,70,18,0,10-Mar,500,Yes,A,2
Fimbulvetr,Fimbulvter,https://cdn.discordapp.com/attachments/1161059985598447646/1204095339485724672/Is_gba_fimbulvetr.png?ex=65d37c2b&is=65c1072b&hm=c4459054d8cfccda09a91080e7b838f3ccf614d5b3488ef015d5a62c73f2d5a7&,None,Weapon,Anima,20,13,80,9,0,2-Jan,100,Yes,B,2
Aircalibur,Aircalibur,https://cdn.discordapp.com/attachments/1161059985598447646/1204095808438276117/Is_gba_aircalibur.png?ex=65d37c9b&is=65c1079b&hm=376e322b39fc2ad2abd81057af473680413f689a7d36337bfcb507b4ac15af19&,Effective against fliers.,Weapon,Anima,20,8,90,6,0,2-Jan,55,Yes,B,2
Cleanse,Cleanse,https://cdn.discordapp.com/attachments/1161059985598447646/1204104456837402715/cleanse.png?ex=65d384a9&is=65c10fa9&hm=ad001307dc0aabe57e2faba38fb54682be5521f5f6e27f6b200c5fd391700d92&,Reverses and doubles Trinity of Magic.,Weapon,Anima,20,9,75,6,0,2-Jan,100,Yes,C,2
ShockBurst,Shock Burst,https://cdn.discordapp.com/attachments/1161059985598447646/1204104456589934632/shockburst.png?ex=65d384a9&is=65c10fa9&hm=336e664cb3493791774d9e14e33d11918a924327a5942d24a3294f4e608ca680&,Effective against Light users.,Weapon,Anima,15,11,80,11,0,1,75,Yes,C,2
Airblade,Airblade,https://cdn.discordapp.com/attachments/1161059985598447646/1204104456069714001/airblade.png?ex=65d384a9&is=65c10fa9&hm=32e34d98ef25a46985a3c6b920bd12c361ff8791b7ab6f0f990e4a9cc376ec4a&,"Hits twice, effective against fliers.",Weapon,Anima,20,4,70,6,0,1,50,Yes,D,2
Forblaze,Forblaze,https://cdn.discordapp.com/attachments/1161059985598447646/1204090845717069855/Is_gba_forblaze.png?ex=65d377fc&is=65c102fc&hm=506c81223efe7f572d11fc5ae959636d45f18ee406ef7a7908b565dd8e326119&,"The Infernal Truth. +10 Luck, extended range, effective against dragons.",Weapon,Anima,25,14,85,6,5,3-Jan,0,No,S,2
Light,Lightning,https://cdn.discordapp.com/attachments/1161059985598447646/1204095574169616484/Is_gba_lightning.png?ex=65d37c63&is=65c10763&hm=492bdf842fdcba1276bde987f78479b3fc4d69ac12803a2596f44c551fa137d7&,None,Weapon,Light,35,4,105,3,0,2-Jan,12,Yes,E,2
Lightning,Lightning,https://cdn.discordapp.com/attachments/1161059985598447646/1204095574169616484/Is_gba_lightning.png?ex=65d37c63&is=65c10763&hm=492bdf842fdcba1276bde987f78479b3fc4d69ac12803a2596f44c551fa137d7&,None,Weapon,Light,35,4,105,3,0,2-Jan,12,Yes,E,2
Shine,Shine,https://cdn.discordapp.com/attachments/1161059985598447646/1204932788017696798/shine.png?ex=65d6881b&is=65c4131b&hm=bacc89821b66a8d3b29f1d7c62f65e3fde91ea518564026f977db4f255b36fb0&,None,Weapon,Light,30,7,95,4,0,2-Jan,24,Yes,D,2
Divine,Divine,https://cdn.discordapp.com/attachments/1161059985598447646/1204095573469302805/Is_gba_divine.png?ex=65d37c63&is=65c10763&hm=698e2938ce834f15d2d81b8ff2e5b59351741f35d16560a48120dd920900ec22&,None,Weapon,Light,25,9,85,8,0,2-Jan,50,Yes,C,2
Thani,Thani,https://cdn.discordapp.com/attachments/1161059985598447646/1204095575205613569/Is_gba_luce.png?ex=65d37c64&is=65c10764&hm=3e6313f5a212e3dd37fe4d36caf73804b53fa37b82e672135081911fd37bbc93&,Effective against armors/cavalry.,Weapon,Light,20,8,100,4,0,2-Jan,65,Yes,C,2
Purge,Purge,https://cdn.discordapp.com/attachments/1161059985598447646/1204932787656855582/purge.png?ex=65d6881b&is=65c4131b&hm=235a1ff76477e2b531b6f715369362a95666e3dae4105c1d9f27b387a3c40cec&,Long-range magic attack.,Weapon,Light,10,7,90,16,0,10-Mar,600,Yes,A,2
Aura,Aura,https://cdn.discordapp.com/attachments/1161059985598447646/1204095575692288000/Is_gba_aura.png?ex=65d37c64&is=65c10764&hm=3616fc439eb1a71f3f926e30ee7e62dbb02b9d8d7eeedef54a0a8baa20b5cd7d&,None,Weapon,Light,20,12,85,7,0,2-Jan,115,Yes,B,2
MorphicDirge,Morphic Dirge,https://cdn.discordapp.com/attachments/1161059985598447646/1204096839385747526/Is_gba_green_note.png?ex=65d37d91&is=65c10891&hm=03328c92a50ae87f55a48ebadfc4b97586e22755be059667de94871de8709895&,"Bards only, unbreakable. Drives all who hear it to silence (applies Silence on hit.)",Weapon,Light,0,15,80,1,0,5-Jan,0,No,Prf,0
Piety,Piety,https://cdn.discordapp.com/attachments/1161059985598447646/1204939672640561223/piety.png?ex=65d68e84&is=65c41984&hm=943c812f1ce56fa27d8248e94afffea6d071715304069f202a20afb0d751d8be&,+7 Mag (this bonus affects staff range.),Weapon,Light,30,0,90,6,0,2-Jan,37,Yes,C,2
StarBurst,Star Burst,https://cdn.discordapp.com/attachments/1161059985598447646/1204938910791368725/starburst.png?ex=65d68dcf&is=65c418cf&hm=4b5a92911ddbfa6fbe7b9b62deac02aaf42bfc11b8c2587ff9aa37c343d2daa4&,Effective against Dark users.,Weapon,Light,15,10,90,10,0,1,75,Yes,C,2
Ivaldi,Ivaldi,https://cdn.discordapp.com/attachments/1161059985598447646/1204095573897252985/Is_gba_ivaldi.png?ex=65d37c63&is=65c10763&hm=4af3179e76f1fe203aed1d2aca3384b53bc27b7854daf0d40d41166b4b49b82e&,A Sacred Twin tome. +5 Def.,Weapon,Light,30,17,90,10,5,2-Jan,0,No,S,2
Flux,Flux,https://cdn.discordapp.com/attachments/1161059985598447646/1204095339741839410/Is_gba_flux.png?ex=65d37c2c&is=65c1072c&hm=0ac6bd0b9d54eaa96209ff06b99b5c0db2e85cd89ed8fb9f527ab039486e7427&,None,Weapon,Dark,40,7,85,8,0,2-Jan,15,Yes,D,2
Luna,Luna,https://cdn.discordapp.com/attachments/1161059985598447646/1204932786960466061/luna.png?ex=65d6881a&is=65c4131a&hm=6e0a7cdea4175ea8ce253d30a6dbe59426cdbeea4f5350d966e242c4046b46d0&,Pierces Resistance.,Weapon,Dark,30,0,95,8,0,2-Jan,32,Yes,C,2
Malaise,Malaise,https://cdn.discordapp.com/attachments/1161059985598447646/1204938909352730654/malaise.png?ex=65d68dce&is=65c418ce&hm=1a92a6dc126c8bbc47e263991e8d4cf5db79e2ee5ba1d12f46952dd12167a2d8&,Long-ish range.,Weapon,Dark,20,0,80,20,0,7-Mar,171,Yes,C,2
Nosferatu,Nosferatu,https://cdn.discordapp.com/attachments/1161059985598447646/1204932787396681828/nosferatu.png?ex=65d6881b&is=65c4131b&hm=082409a291af03a5a373f2957f6feef6918a268664647549cf8a4d7dd89fe24d&,Drains enemy HP into caster.,Weapon,Dark,20,12,70,14,0,2-Jan,105,Yes,C,2
Eclipse,Eclipse,https://cdn.discordapp.com/attachments/1161059985598447646/1204932788281675806/eclipse.png?ex=65d6881b&is=65c4131b&hm=8c77de95c93d247b909e23a6448dfe7d8a3d17d6f2b1f40f2c03f1460359edf2&,Cuts enemy's HP in half.,Weapon,Dark,10,255,80,20,0,10-Mar,250,Yes,B,2
Fenrir,Fenrir,https://cdn.discordapp.com/attachments/1161059985598447646/1204095340689756201/Is_gba_fenrir.png?ex=65d37c2c&is=65c1072c&hm=280615f87c8f0b0e133ba1157d85ca1f7a4e1f0c7b1fdd85939ad1965aad5f92&,None,Weapon,Dark,20,17,75,14,0,2-Jan,125,Yes,B,2
Ereshkigal,Ereshkigal,https://cdn.discordapp.com/attachments/1161059985598447646/1204090846828564480/Is_gba_ereshkigal.png?ex=65d377fc&is=65c102fc&hm=a5d477fea729bf8fa95cc7d8404148b7de6881a0eb2b9cffb73d1b0ea3e90978&,Unbreakable.,Weapon,Dark,0,20,95,12,0,2-Jan,0,No,S,2
ShadowShrike,Shadow Shrike,https://cdn.discordapp.com/attachments/1161059985598447646/1204938910568943667/shrike.png?ex=65d68dce&is=65c418ce&hm=b9bfe930a93954d61e1cef9b031f07e3d5f2151ef50fb8862dc51f585a2d89c2&,"Teodor only. Brave, long-ish range.",Weapon,Dark,20,0,80,20,0,7-Mar,0,No,Prf,2
Gespenst,Gespenst,https://cdn.discordapp.com/attachments/1161059985598447646/1204090846006353941/Is_gba_gespenst.png?ex=65d377fc&is=65c102fc&hm=4562aab9f245904f13afc1758ea973e7c62f9dd398ce0cf60b6a6892f9c5027d&,None,Weapon,Dark,25,23,80,20,0,2-Jan,1400,No,S,2
MoonBurst,Moon Burst,https://cdn.discordapp.com/attachments/1161059985598447646/1204938909570564136/moonburst.png?ex=65d68dce&is=65c418ce&hm=53e58a3d708ded983177da3a73f7ef7415d766f40a284bac770709b5c61e411e&,Effective against Anima users.,Weapon,Dark,15,12,70,12,0,1,75,Yes,C,2
Munio,Munio,https://cdn.discordapp.com/attachments/1161059985598447646/1204938909797064704/munio.png?ex=65d68dce&is=65c418ce&hm=fcce8498bf9eb119c947b6419dd03078a25a6e63b2d28cdc09dbd1383a18ae5b&,"Extended attack range, +8 Luck/Def/Res. Can't crit.",Weapon,Dark,8,0,110,14,0,3-Jan,130,Yes,B,2
Heal,Heal,https://cdn.discordapp.com/attachments/1161059985598447646/1204184885858795572/Is_gba_heal.png?ex=65d3cf91&is=65c15a91&hm=7042ebbe694e045d94afbd7c21ed05008b7733316af15a4bb95c9b7433db0ccc&,Restores 10+Mag HP to an adjacent ally.,Staff,Staff,30,10,100,2,0,1,20,Yes,E,2
Mend,Mend,https://cdn.discordapp.com/attachments/1161059985598447646/1204184886089355396/Is_gba_mend.png?ex=65d3cf91&is=65c15a91&hm=3db145f2c4b20338d27db34a2a82354e10f03ac937018be80f48ad4549bb26bf&,Restores 20+Mag HP to an adjacent ally.,Staff,Staff,20,20,100,4,0,1,50,Yes,D,2
Recover,Recover,https://cdn.discordapp.com/attachments/1161059985598447646/1204184885095436358/Is_gba_recover.png?ex=65d3cf91&is=65c15a91&hm=d69ac0fc29f7ddb898e674cfb00ea113afe19eaaf48b4b03c420214ee60f478a&,Restores all HP to an adjacent ally.,Staff,Staff,15,60,100,6,0,1,120,Yes,C,2
Poultice,Poultice,https://cdn.discordapp.com/attachments/1161059985598447646/1204938910090661939/poultice.png?ex=65d68dce&is=65c418ce&hm=bb70719b331775bfd5355cd5b03263d207fb611955021862c51f8c6ef2dedc77&,Restores all HP to an adjacent ally. Usable by anyone.,Staff,Staff,10,60,100,6,0,1,80,Yes,NoRank,0
RelaxingMelody,Relaxing Melody,https://cdn.discordapp.com/attachments/1161059985598447646/1204938910321610843/relax.png?ex=65d68dce&is=65c418ce&hm=1f18a1413fdb0533483bc8f9adadfeab5b5c3e39acde707f9a2454207e5ce450&,"Bards only. Restores all HP to an adjacent ally, and grants +2 Def while held. Unrepairable.",Staff,Staff,40,60,100,0,0,1,0,No,Prf,0
Physic,Physic,https://cdn.discordapp.com/attachments/1161059985598447646/1204184886316109954/Is_gba_physic.png?ex=65d3cf91&is=65c15a91&hm=cc7d699df352e910a8db7f7d57f0f5e3b34e5ac305a80a5bd38298b58bc358c0&,Restores 10+Mag HP to an ally at a distance.,Staff,Staff,15,10,100,5,0,MP/2,230,Yes,B,2
Darkmend,Darkmend,https://cdn.discordapp.com/attachments/1161059985598447646/1204938922241822750/darkmend.png?ex=65d68dd1&is=65c418d1&hm=729931ebe2bd70b362a1dfcd0db8a34a35aca4785462ea422a9e053904451b30&,Druid/Summoner only. Restores 10+Mag HP to an ally at a distance.,Staff,Staff,20,10,100,5,0,5-Jan,100,Yes,Prf,2
Fortify,Fortify,https://cdn.discordapp.com/attachments/1161059985598447646/1204184885359542392/Is_gba_fortify.png?ex=65d3cf91&is=65c15a91&hm=31f77721bddf96a1ee380a4a3fd7718197f87c2478719690389455e325740b79&,Restores 10+Mag HP to all allies within range.,Staff,Staff,8,10,100,7,0,MP/2,575,Yes,A,2
Latona,Latona,https://cdn.discordapp.com/attachments/1161059985598447646/1204934460295090216/Is_gba_latona.png?ex=65d689a9&is=65c414a9&hm=4d68bce9540ced530615a658f675787078dccac01d95d6e9c5594a50b55d3a23&,Restores all HP and cures status for all allies on the map.,Staff,Staff,3,60,100,5,0,Total,0,No,S,2
Restore,Restore,https://cdn.discordapp.com/attachments/1161059985598447646/1204933740137152512/Is_gba_restore.png?ex=65d688fe&is=65c413fe&hm=e2f02874a2715ccdbc3b0a34f3a1305574c450336f9db2bad55afca0c3cf628b&,"Returns an adjacent ally to normal condition (cures sleep, silence, etc.)",Staff,Staff,10,0,100,4,0,1,200,Yes,C,2
RefreshingHerb,Refreshing Herb,https://cdn.discordapp.com/attachments/1161059985598447646/1204938908849274992/herbs.png?ex=65d68dce&is=65c418ce&hm=0ee81219560f1389a9f16fba39698643bec133db94d90e09e69f1f71a19e310a&,"Returns an adjacent ally to normal condition (cures sleep, silence, etc.) Usable by anyone.",Staff,Staff,10,0,100,4,0,1,80,Yes,NoRank,0
Silence,Silence,https://cdn.discordapp.com/attachments/1161059985598447646/1204933740535619685/Is_gba_silence.png?ex=65d688fe&is=65c413fe&hm=a5fde4bb6b766c58f6ebccd17760d5942cedb4948e2309b90475bd1c0106df79&,"Prevents target from talking or using magic for a while, can't miss.",Staff,Staff,4,0,255,7,0,MP/2,250,Yes,C,2
Sleep,Sleep,https://cdn.discordapp.com/attachments/1161059985598447646/1204933740854247424/Is_gba_sleep.png?ex=65d688fe&is=65c413fe&hm=b0397beda892525c88042d18a433641c5fbcac5fee6f3a624896b140e6fd114c&,"Puts target to sleep for a while, can't miss.",Staff,Staff,3,0,255,8,0,MP/2,500,Yes,B,2
DissonantChord,Dissonant Chord,https://cdn.discordapp.com/attachments/1161059985598447646/1204935389400404068/Is_gba_red_note.png?ex=65d68a87&is=65c41587&hm=33129d37f23b0ed2a77b572e877df304d8328d5f73d8b13291b947a3e4f4085b&,"Bards only. Drives target to madness for a while, can't miss. Unrepairable.",Staff,Staff,20,0,255,8,0,MP/2,0,No,Prf,0
Rescue,Rescue,https://cdn.discordapp.com/attachments/1161059985598447646/1204933741269749780/Is_gba_rescue.png?ex=65d688fe&is=65c413fe&hm=67634e9ae5c5aa9c74ab35b10a6d43d9844b5855e7cb3e3c8c2fb12bec110f97&,Teleports distant ally to be adjacent to caster (Rescue priority is Up > Left > Right > Down.),Staff,Staff,4,0,100,4,0,MP/2,600,Yes,B,2
Warp,Warp,https://cdn.discordapp.com/attachments/1161059985598447646/1204933741047189596/Is_gba_warp.png?ex=65d688fe&is=65c413fe&hm=e105310e1200b458456a3f7e734e5e217d4d22b49af6f4335223ed8fa3607813&,Warps adjacent ally to a chosen tile up to MP/2 tiles away from the caster.,Staff,Staff,5,0,100,5,0,1,1500,Yes,A,2
TorchStaff,Torch,https://cdn.discordapp.com/attachments/1161059985598447646/1204934459393187921/Is_gba_torch_staff.png?ex=65d689a9&is=65c414a9&hm=75faa0d74e962e88ee473fc337e79bc7722622132e2eb061157388ebb64eceb1&,Lights a chosen tile within its range. The light weakens each turn.,Staff,Staff,10,0,100,5,0,MP/2,100,Yes,D,2
Hammerne,Hammerne,https://cdn.discordapp.com/attachments/1161059985598447646/1204934460076720178/Is_gba_hammerne.png?ex=65d689a9&is=65c414a9&hm=189268a572da900cc098465763a60b26b9839e438af339e59d54f80971d02449&,Restores an adjacent ally's weapon to full durability. Unrepairable.,Staff,Staff,3,0,100,7,0,1,600,Yes,C,2
Unlock,Unlock,https://cdn.discordapp.com/attachments/1161059985598447646/1204934459649032242/Is_gba_unlock.png?ex=65d689a9&is=65c414a9&hm=5549ac65c07c934fcae5fdf9f510c70787b56c4f7847488cda26ebbab79c4d85&,Unlocks a chosen door within its range.,Staff,Staff,10,0,100,7,0,3-Jan,75,Yes,C,2
Barrier,Barrier,https://cdn.discordapp.com/attachments/1161059985598447646/1204934459858620436/Is_gba_barrier.png?ex=65d689a9&is=65c414a9&hm=b014b7ae21d4d5230a4a48ca962fb73a5a99098c9238703024853ae43d509606&,"Grants +7 Res to adjacent ally, decays by 1 each turn.",Staff,Staff,7,0,100,4,0,1,150,Yes,C,2
DemonLight,Demon Light,https://cdn.discordapp.com/attachments/1161059985598447646/1204182584947511426/Is_gba_demon_light.png?ex=65d3cd6c&is=65c1586c&hm=6bf0dc0ed53c26cb373e1df75e455a533f7f05885f1f121f4fa1b738adc778bd&,"Unbreakable, Fomortiis only. +10 Str/Skl/Luck/Def, +15 Res. A malefic flash that destroys anything it touches.",Weapon,Strike,0,15,85,0,0,3-Jan,0,No,Prf,0
Firestone,Firestone,https://cdn.discordapp.com/attachments/1161059985598447646/1204183427906019328/Is_gba_firestone.png?ex=65d3ce35&is=65c15935&hm=9e313054a8b739af9578f2df16d9f564602f66c8f2b6d527c437be7c92d52b43&,"Manakete only. Grants +8 Pow, +4 Skl, +4 Spd, +9 Def, +4 Res.",Weapon,Strike,30,10,85,1,0,1,35,Yes,Prf,0
Icestone,Icestone,https://cdn.discordapp.com/attachments/1161059985598447646/1204938909117718529/icestone.png?ex=65d68dce&is=65c418ce&hm=6359e2b2f32dd8bf51ad76258ffde41d811dbdd5544675c14a2e3bd31bffe3ae&,"Manakete only. Grants +12 Skl, +5 Spd/Def/Res. Pierces defense.",Weapon,Strike,30,10,85,1,0,1,50,Yes,Prf,0
Magestone,Magestone,https://cdn.discordapp.com/attachments/1161059985598447646/1204935389144686632/Is_gba_magestone.png?ex=65d68a87&is=65c41587&hm=b9f3de0ea186c0a1051c380305be4e88f693eeb18938b28308427f0201a28d7c&,"Manakete only. Grants +8 Pow, +4 Skl, +4 Spd, +13 Res. Hits Res.",Weapon,Strike,30,7,75,1,0,2-Jan,60,Yes,Prf,0
Earthstone,Earthstone,https://cdn.discordapp.com/attachments/1161059985598447646/1204938921541247016/earthstone.png?ex=65d68dd1&is=65c418d1&hm=4afe604486811d3dcff8f6110db4b4d3add7b294df9866f74990b4b3c12c39f6&,"Manakete only. Grants +10 Pow, +3 Skl, +12 Def. Cannot counter/be countered.",Weapon,Strike,30,10,85,1,0,1,50,Yes,Prf,0
Dragonstone,Dragonstone,https://cdn.discordapp.com/attachments/1161059985598447646/1204935544656756736/Is_gba_dragonstone.png?ex=65d68aac&is=65c415ac&hm=4cf42688d5970b03195f2397bc762e630cc6a21f57fe1ab9298385ff3d7e1b9e&,"Myrrh only. Grants +12 Pow, +12 Skl, +15 Def, +20 Res.",Weapon,Strike,50,16,100,0,15,1,0,No,Prf,0
Divinestone,Divinestone,https://cdn.discordapp.com/attachments/1161059985598447646/1204938922463989770/divinestone.png?ex=65d68dd1&is=65c418d1&hm=7fa319279567a8e19dd51c8cb71f4e093e0bb5726a4a706a2e2a53a17102f6a5&,"Manakete only, unbreakable. Grants +8 Pow, +10 Skl, +5 Spd, +8 Def/Res. Purifies corrupted dragons (and is effective against them.)",Weapon,Strike,0,12,90,2,0,2-Jan,0,No,Prf,0
Shadowstone,Shadowstone,https://cdn.discordapp.com/attachments/1161059985598447646/1204938922463989770/divinestone.png?ex=65d68dd1&is=65c418d1&hm=7fa319279567a8e19dd51c8cb71f4e093e0bb5726a4a706a2e2a53a17102f6a5&,"Manakete only, unbreakable. Grants +15 Pow/Skl/Def/Res. A corrupted stone of a divine dragon.",Weapon,Strike,0,20,100,1,0,1,0,No,Prf,0
FirestoneX,Firestone X,https://cdn.discordapp.com/attachments/1161059985598447646/1204183427906019328/Is_gba_firestone.png?ex=65d3ce35&is=65c15935&hm=9e313054a8b739af9578f2df16d9f564602f66c8f2b6d527c437be7c92d52b43&,"Manakete only, unbreakable. Grants +10 Str, +10 Skl, +20 Def, +10 Res. Pierces all defenses.",Weapon,Strike,0,10,100,1,0,2-Jan,0,No,Prf,0
WretchedAir,Wretched Air,https://cdn.discordapp.com/attachments/1161059985598447646/1204935389907779624/Is_gba_dark_breath.png?ex=65d68a87&is=65c41587&hm=6a0f0f2b578f77e6c2f4b835674a6483d1ce9fe7294905ee1e3ec07bdf0f185b&,"Manakete only, unbreakable. Grants +10 Str/Skl, +20 Def, +10 Res. Pierces defenses.",Weapon,Strike,0,10,100,0,0,2-Jan,0,No,Prf,0
AngelicRobe,Angelic Robe,https://cdn.discordapp.com/attachments/1161059985598447646/1204181014918729728/Is_gba_angelic_robe.png?ex=65d3cbf6&is=65c156f6&hm=75714eae742f5afa0899455a2ff38f528cc8280262d384b9fc5668cf491db1f8&,Increases HP by 5 points when used.,Item,,1,0,10,0,0,1,2000,Yes,NoRank,0
EnergyRing,Energy Ring,https://cdn.discordapp.com/attachments/1161059985598447646/1204181012737687614/Is_gba_energy_ring.png?ex=65d3cbf6&is=65c156f6&hm=cfbb52d944c27e3b6b13a5031ed1c6504782837bc07e63e06bd73ce18f7002ce&,Increases Strength or Magic by 2 points when used.,Item,,1,0,10,0,0,1,2000,Yes,NoRank,0
SecretBook,Secret Book,https://cdn.discordapp.com/attachments/1161059985598447646/1204181014004629534/Is_gba_secret_book.png?ex=65d3cbf6&is=65c156f6&hm=f905f22910eece555c61a6fd55edc1e161e6cf45af13a64766e816ddc5fb4289&,Increases Skill by 3 points when used.,Item,,1,0,10,0,0,1,2000,Yes,NoRank,0
Speedwing,Speedwing,https://cdn.discordapp.com/attachments/1161059985598447646/1204181014348570674/Is_gba_speedwings.png?ex=65d3cbf6&is=65c156f6&hm=5c9f75eaf839d3626ff41ac9c72f9efe6a3d184fa4bc6dc2fba0742b7e53afec&,Increases Speed by 2 points when used.,Item,,1,0,10,0,0,1,2000,Yes,NoRank,0
GoddessIcon,Goddess Icon,https://cdn.discordapp.com/attachments/1161059985598447646/1204181013048205332/Is_gba_goddess_icon.png?ex=65d3cbf6&is=65c156f6&hm=2f9681f84640c3fd773fddfb647aeeb993e642fc10fbde0725f38f8e6cb84477&,Increases Luck by 3 points when used.,Item,,1,0,10,0,0,1,2000,Yes,NoRank,0
Dracoshield,Dracoshield,https://cdn.discordapp.com/attachments/1161059985598447646/1204181012435832862/Is_gba_dragonshield.png?ex=65d3cbf5&is=65c156f5&hm=818cfe9fca01728dd97006f994853b6c2b296b93980535c4f1615cdb470665ec&,Increases Defense by 2 points when used.,Item,,1,0,10,0,0,1,2000,Yes,NoRank,0
Dragonshield,Dracoshield,https://cdn.discordapp.com/attachments/1161059985598447646/1204181012435832862/Is_gba_dragonshield.png?ex=65d3cbf5&is=65c156f5&hm=818cfe9fca01728dd97006f994853b6c2b296b93980535c4f1615cdb470665ec&,Increases Defense by 2 points when used.,Item,,1,0,10,0,0,1,2000,Yes,NoRank,0
Talisman,Talisman,https://cdn.discordapp.com/attachments/1161059985598447646/1204181014608478238/Is_gba_talisman.png?ex=65d3cbf6&is=65c156f6&hm=a70144ed293b3d678eafddfc19e09fd81309d0ed0443399a474eac9167dd84fa&,Increases Resistance by 2 points when used.,Item,,1,0,10,0,0,1,2000,Yes,NoRank,0
BodyRing,Body Ring,https://cdn.discordapp.com/attachments/1161059985598447646/1204181015157809192/Is_gba_body_ring.png?ex=65d3cbf6&is=65c156f6&hm=c6de5b6ae09af2f9668053177fe6c04534eef0345debb0d93f672df232c2e6e3&,Increases Constitution by 2 points when used.,Item,,1,0,10,0,0,1,2000,Yes,NoRank,0
Boots,Boots,https://cdn.discordapp.com/attachments/1161059985598447646/1204181012121133086/Is_gba_boots.png?ex=65d3cbf5&is=65c156f5&hm=dfab299e4e8fc73f780c04414f41b35c85ffb5bfac75896c1dd324668f95f05b&,Increases Movement by 2 points when used.,Item,,1,0,10,0,0,1,2000,Yes,NoRank,0
Swiftsole,Boots,https://cdn.discordapp.com/attachments/1161059985598447646/1204181012121133086/Is_gba_boots.png?ex=65d3cbf5&is=65c156f5&hm=dfab299e4e8fc73f780c04414f41b35c85ffb5bfac75896c1dd324668f95f05b&,Increases Movement by 2 points when used.,Item,,1,0,10,0,0,1,2000,Yes,NoRank,0
MetisTome,Metis's Tome,https://cdn.discordapp.com/attachments/1161059985598447646/1204181013622952056/Is_gba_metiss_tome.png?ex=65d3cbf6&is=65c156f6&hm=32ef9b3c031f9a97b19cb05e1d50f5ccbeebba01801a812e91a4c6afbe90fd40&,Increases all growths by 5% when used.,Item,,1,0,10,0,0,1,0,No,NoRank,0
MetissTome,Metis's Tome,https://cdn.discordapp.com/attachments/1161059985598447646/1204181013622952056/Is_gba_metiss_tome.png?ex=65d3cbf6&is=65c156f6&hm=32ef9b3c031f9a97b19cb05e1d50f5ccbeebba01801a812e91a4c6afbe90fd40&,Increases all growths by 5% when used.,Item,,1,0,10,0,0,1,0,No,NoRank,0
MemberCard,Member Card,https://cdn.discordapp.com/attachments/1161059985598447646/1204183021176094780/Is_gba_member_card.png?ex=65d3cdd4&is=65c158d4&hm=03b85891144d577b1e16f7bebd7305b8e96ae6f3dac579945c6075ece365af13&,"There aren't any Secret Shops in this game, so don't worry about missing them!",Item,,1,0,10,0,0,1,0,No,NoRank,0
HoplonGuard,Hoplon Guard,https://cdn.discordapp.com/attachments/1161059985598447646/1204182585400631336/Is_gba_hoplon_guard.png?ex=65d3cd6c&is=65c1586c&hm=eaddd90ef2a31adc4e89ca785d9242ef5f824d7168cf876f5038437bd2e7dd32&,Negates foe's critical hit chance while held.,Item,,1,0,10,0,0,1,84,Yes,NoRank,0
IronRune,Hoplon Guard,https://cdn.discordapp.com/attachments/1161059985598447646/1204182585400631336/Is_gba_hoplon_guard.png?ex=65d3cd6c&is=65c1586c&hm=eaddd90ef2a31adc4e89ca785d9242ef5f824d7168cf876f5038437bd2e7dd32&,Negates foe's critical hit chance while held.,Item,,1,0,10,0,0,1,84,Yes,NoRank,0
FiliShield,Fili Shield,https://cdn.discordapp.com/attachments/1161059985598447646/1204182585144512563/Is_gba_fili_shield.png?ex=65d3cd6c&is=65c1586c&hm=45d0d30fe2e8192690eb95182bdfbad8c5d70212a9bf73346882bea7956301e6&,Negates a flier's weakness to bows and wind magic while held.,Item,,1,0,10,0,0,1,10000,Yes,NoRank,0
DelphiShield,Fili Shield,https://cdn.discordapp.com/attachments/1161059985598447646/1204182585144512563/Is_gba_fili_shield.png?ex=65d3cd6c&is=65c1586c&hm=45d0d30fe2e8192690eb95182bdfbad8c5d70212a9bf73346882bea7956301e6&,Negates a flier's weakness to bows and wind magic while held.,Item,,1,0,10,0,0,1,10000,Yes,NoRank,0
TealGem,Teal Gem,https://cdn.discordapp.com/attachments/1161059985598447646/1204939672917119048/tealgem.png?ex=65d68e84&is=65c41984&hm=2198fd700a6dafcee01a818302a740667b442cc0640ae9c83ad69aab3cff1b15&,"A popular gemstone that can be sold for 1,000 Gold.",Item,,1,0,10,0,0,1,2000,Yes,NoRank,0
RedGem,Red Gem,https://cdn.discordapp.com/attachments/1161059985598447646/1204183021423562772/Is_gba_red_gem.png?ex=65d3cdd4&is=65c158d4&hm=e38128bf4312fcfddf66e9d3501adcd887b314a6d119725af0b49e9dfc8087c1&,"An uncommon gemstone that can be sold for 2,500 Gold.",Item,,1,0,10,0,0,1,5000,Yes,NoRank,0
BlueGem,Blue Gem,https://cdn.discordapp.com/attachments/1161059985598447646/1204183021616369734/Is_gba_blue_gem.png?ex=65d3cdd4&is=65c158d4&hm=ababb1b397894fe6a4815d83ce6d7a38bbabdbfe658ad096a41a72bfccec4471&,"A rare gemstone that can be sold for 5,000 Gold.",Item,,1,0,10,0,0,1,10000,Yes,NoRank,0
GoldGem,Gold Gem,https://cdn.discordapp.com/attachments/1161059985598447646/1204183022023221369/Is_gba_gold_gem.png?ex=65d3cdd5&is=65c158d5&hm=c56c1ac616ad9f953c042394813262adaf37873bc20ad934e41bbce7c46461aa&,"An unobtainable gemstone that can be sold for 20,000 Gold.",Item,,1,0,10,0,0,1,40000,Yes,NoRank,0
ChestKey,Chest Key,https://cdn.discordapp.com/attachments/1161059985598447646/1204182323164352512/Is_gba_chest_key.png?ex=65d3cd2e&is=65c1582e&hm=651aeacf716f70e27236dcaa7ab216c251e7a425e7735f0464739f201cf5d3da&,Opens chests.,Item,,1,0,10,0,0,1,300,Yes,NoRank,0
ChestKey1,Chest Key,https://cdn.discordapp.com/attachments/1161059985598447646/1204182323164352512/Is_gba_chest_key.png?ex=65d3cd2e&is=65c1582e&hm=651aeacf716f70e27236dcaa7ab216c251e7a425e7735f0464739f201cf5d3da&,Opens chests.,Item,,1,0,10,0,0,1,300,Yes,NoRank,0
ChestKey5,Chest Key (5),https://cdn.discordapp.com/attachments/1161059985598447646/1204182323164352512/Is_gba_chest_key.png?ex=65d3cd2e&is=65c1582e&hm=651aeacf716f70e27236dcaa7ab216c251e7a425e7735f0464739f201cf5d3da&,Opens chests.,Item,,5,0,10,0,0,1,300,Yes,NoRank,0
DoorKey,Door Key,https://cdn.discordapp.com/attachments/1161059985598447646/1204182323382325269/Is_gba_door_key.png?ex=65d3cd2e&is=65c1582e&hm=166caca6a770aa36c0b6929dc18ce0beaece175562161b12592c3f1dfa6ed4b2&,Opens doors.,Item,,1,0,10,0,0,1,50,Yes,NoRank,0
MasterKey,Master Key,https://cdn.discordapp.com/attachments/1161059985598447646/1204182322937864223/Is_gba_bridge_key.png?ex=65d3cd2e&is=65c1582e&hm=894ac5659f669370534015dffc71ab788bd006eb7f2bd751c841f0a046a103c2&,A multipurpose key that can open doors and chests.,Item,,5,0,10,0,0,1,220,Yes,NoRank,0
Vulnerary,Vulnerary,https://cdn.discordapp.com/attachments/1161059985598447646/1204182324397473812/Is_gba_vulnerary.png?ex=65d3cd2e&is=65c1582e&hm=2faaf3e0297bcd5bd8a56b6775a269805a2716f74e2161284e174321f0c852bd&,Heals user for 15 HP when used.,Item,,3,0,10,0,0,1,100,Yes,NoRank,0
Vulnerary60,Vulnerary (60),https://cdn.discordapp.com/attachments/1161059985598447646/1204182324397473812/Is_gba_vulnerary.png?ex=65d3cd2e&is=65c1582e&hm=2faaf3e0297bcd5bd8a56b6775a269805a2716f74e2161284e174321f0c852bd&,Heals user for 15 HP when used.,Item,,60,0,10,0,0,1,100,Yes,NoRank,0
Elixir,Elixir,https://cdn.discordapp.com/attachments/1161059985598447646/1204182323587850291/Is_gba_elixir.png?ex=65d3cd2e&is=65c1582e&hm=7d7f4b451cdd40117bbe43b6c5a009d85dbe6978426afe1f4b7857f508fd491b&,Heals user for all HP when used.,Item,,3,0,10,0,0,1,250,Yes,NoRank,0
PureWater,Pure Water,https://cdn.discordapp.com/attachments/1161059985598447646/1204182323981983824/Is_gba_pure_water.png?ex=65d3cd2e&is=65c1582e&hm=756dfb687f5b15456297c18b9fc4142a8e3ed4f82daceb456197e9852f73e9ce&,"Grants +7 Res when used, which decays each turn.",Item,,3,0,10,0,0,1,300,Yes,NoRank,0
Torch,Torch,https://cdn.discordapp.com/attachments/1161059985598447646/1204182324187627571/Is_gba_torch.png?ex=65d3cd2e&is=65c1582e&hm=1c1c1fe6ec3d53bb8778e0187510215fbb530f9276aa6ad2ba00748745496d67&,Increases user's fog vision when used. Bonus vision dims by 1 each turn.,Item,,5,0,10,0,0,1,100,Yes,NoRank,0
LightRune,Light Rune,https://cdn.discordapp.com/attachments/1161059985598447646/1204182323793231962/Is_gba_light_rune.png?ex=65d3cd2e&is=65c1582e&hm=760b99f623b0775526bc3c28110e7199da3faade936534c17b79560921c02e35&,Blocks a tile for a few turns.,Item,,3,0,10,0,0,1,150,Yes,NoRank,0
HeroCrest,Hero Crest,https://cdn.discordapp.com/attachments/1161059985598447646/1204181731716890635/Is_gba_hero_crest.png?ex=65d3cca1&is=65c157a1&hm=f9e9b4110b595d7532b3c034c8413f3d0e046bda48fcb298d082d24529a6d762&,Promotes Mercs/Myrms/Fighters who are at least level 10. Cannot promote Puzon.,Item,,1,0,0,0,0,1,2000,Yes,NoRank,0
KnightCrest,Knight Crest,https://cdn.discordapp.com/attachments/1161059985598447646/1204181732123869204/Is_gba_knight_crest.png?ex=65d3cca1&is=65c157a1&hm=b8a2465b5499607b407c830eb1d1725cda0b9b1ae693b5de4d5a3e760b82c7ac&,Promotes Knights/Cavs/Soldiers who are at least level 10.,Item,,1,0,0,0,0,1,2000,Yes,NoRank,0
OrionsBolt,Orion's Bolt,https://cdn.discordapp.com/attachments/1161059985598447646/1204181732983578654/Is_gba_orions_bolt.png?ex=65d3cca1&is=65c157a1&hm=32c3bbc2060635fa818bb832f76955311cf68f1d77f6ae8d1929e4c8a058e93d&,Promotes Archers and Nomads who are at least level 10.,Item,,1,0,0,0,0,1,2000,Yes,NoRank,0
ElysianWhip,Elysian Whip,https://cdn.discordapp.com/attachments/1161059985598447646/1204181733306536027/Is_gba_elysian_whip.png?ex=65d3cca1&is=65c157a1&hm=db3abf6293bc4fb44deb98105367b38eeff2a71989ad7836ee8f3ccc1e95c1c4&,Promotes Pegasi and Wyverns who are at least level 10.,Item,,1,0,0,0,0,1,2000,Yes,NoRank,0
GuidingRing,Guiding Ring,https://cdn.discordapp.com/attachments/1161059985598447646/1204181733650604032/Is_gba_guiding_ring.png?ex=65d3cca1&is=65c157a1&hm=724430ecd7118b14209022aacda2dc23f113301ff3aa6dfd07ed94eefab95f8a&,Promotes all types of mages and healers who are at least level 10.,Item,,1,0,0,0,0,1,2000,Yes,NoRank,0
OceanSeal,Ocean Seal,https://cdn.discordapp.com/attachments/1161059985598447646/1204181732702818366/Is_gba_ocean_seal.png?ex=65d3cca1&is=65c157a1&hm=08440c7aa8c9a5f264b450edb26d5eeba2ae1184ae3438dc3970e4480ad51502&,Promotes Thieves/Pirates/Brigands who are at least level 10.,Item,,1,0,0,0,0,1,2000,Yes,NoRank,0
HeavenSeal,Heaven Seal,https://cdn.discordapp.com/attachments/1161059985598447646/1204181731310182411/Is_gba_heaven_seal.png?ex=65d3cca1&is=65c157a1&hm=a2ee1b18a6c0f868b90d1fb490a498002629215fb856342d7ac9f907c0259f9e&,Promotes Lords who are at least level 10.,Item,,1,0,0,0,0,1,2000,Yes,NoRank,0
MasterSeal,Master Seal,https://cdn.discordapp.com/attachments/1161059985598447646/1204181732497166387/Is_gba_master_seal.png?ex=65d3cca1&is=65c157a1&hm=991f889a758f8fa7b3d27a91833dd528b8aef7f82500a23697f1095dcb8bfb38&,"Promotes most units if they're at least level 10. Cannot promote Puzon or classes with no promotion (Bard, Manakete, etc.)",Item,,1,0,0,0,0,1,3000,Yes,NoRank,0
CallerSeal,Caller Seal,https://cdn.discordapp.com/attachments/1161059985598447646/1204935389627027456/Is_ds_master_seal.png?ex=65d68a87&is=65c41587&hm=bb8a307c6be8bb9b136d96e5423df1fa3a4b977c2241ae1357381671663bd9dd&,Promotes Puzon at any level.,Item,,1,0,0,0,0,1,0,No,NoRank,0
FillasMight,Filla's Might,https://cdn.discordapp.com/attachments/1161059985598447646/1204183021813497966/Is_gba_fillas_might.png?ex=65d3cdd5&is=65c158d5&hm=9c5837015cfa33ecbf44adcfa49edb162105f9f355a54f3b60352f3c02f6255b&,Bards only. Grants +10 Atk to an adjacent ally for 1 turn. Unrepairable.,Item,,15,0,10,0,0,1,0,No,NoRank,0
Sake,Sake,https://cdn.discordapp.com/attachments/1161059985598447646/1204182584678940702/Is_gba_afas_drops.png?ex=65d3cd6c&is=65c1586c&hm=59c01b239131ee920bddbaf29a86ce8acbf143ea196b558b89d76a8663f28a45&,"Grants +2 Str/Def, -5 Skl while held. Can be used via the ""Drink"" command to gain +25 Avoid for 1 turn (3 turns for Fargus.) Unstealable.",Item,,8,0,10,0,0,1,0,No,NoRank,0
EduardosRing,Eduardo's Ring,https://cdn.discordapp.com/attachments/1161059985598447646/1204938921763405824/ed.png?ex=65d68dd1&is=65c418d1&hm=a128f9cc20ae59032ece3cfd924890c77ac6a3e74f5f2ce9f6bc9dff33260f94&,"Grants +3 Def, +1 Res, +7 Luck while held.",Item,,5,0,10,0,0,1,0,No,NoRank,0
JewelofFire,Jewel of Fire,https://cdn.discordapp.com/attachments/1161059985598447646/1204938910996758618/gemofflames.png?ex=65d68dcf&is=65c418cf&hm=00e09c78d81029f5c9731c17b917a1184119fb506fb4d9a1398964ae9fd3f383&,Grants +25 Def/Res while held. Cannot be stolen.,Item,,1,0,10,0,0,1,0,No,NoRank,0
GemofFlames,Jewel of Fire,https://cdn.discordapp.com/attachments/1161059985598447646/1204938910996758618/gemofflames.png?ex=65d68dcf&is=65c418cf&hm=00e09c78d81029f5c9731c17b917a1184119fb506fb4d9a1398964ae9fd3f383&,Grants +25 Def/Res while held. Cannot be stolen.,Item,,1,0,10,0,0,1,0,No,NoRank,0
AncientScale,Ancient Scale,https://cdn.discordapp.com/attachments/1161059985598447646/1204182584444190801/Is_gba_poison_claw.png?ex=65d3cd6c&is=65c1586c&hm=02d8f3a6cc44ba7ab555425df78b3b7b25649c5da3dff2693174400080ad6d54&,"When held, reduces the duration of status afflictions to 1 turn.",Item,,1,0,10,0,0,1,0,No,NoRank,0
FireEmblem,Fire Emblem,https://cdn.discordapp.com/attachments/1161059985598447646/1204938921981779968/fe.png?ex=65d68dd1&is=65c418d1&hm=9ed5d455879bd3110ffcdcaeea4f71bae9556a5943d5ae9cf55c784ab84af054&,Halves incoming damage and blocks critical hits. Unstealable.,Item,,1,0,10,0,0,1,0,No,NoRank,0
