Name,Class,Affinity,Portrait,Join Ch.,Lv,HP,Pow,Skl,Spd,Luck,Def,Res,Con,Mov,Sword,Lance,Axe,Bow,Anima,Light,Dark,Staff,HP Growth,Pow Growth,Skl Growth,Spd Growth,Luck Growth,Def Growth,Res Growth,Promotes,Promotion Class,HP Gains,Pow Gains,Skl Gains,Spd Gains,Def Gains,Res Gains,Con Gains,Mov Gains,Sword Gains,Lance Gains,Axe Gains,Bow Gains,Anima Gains,Light Gains,Dark Gains,Staff Gains,Supports,Promotes 2,Promotion Class 2,HP Gains 2,Pow Gains 2,Skl Gains 2,Spd Gains 2,Def Gains 2,Res Gains 2,Con Gains 2,Mov Gains 2,Sword Gains 2,Lance Gains 2,Axe Gains 2,Bow Gains 2,Anima Gains 2,Light Gains 2,Dark Gains 2,Staff Gains 2
Puzon,Sellsword,<:AffinLight:1083548171281641583>,https://cdn.discordapp.com/attachments/1161059985598447646/1203844851440033862/Puzon.png?ex=65d292e2&is=65c01de2&hm=9b1453ee5453d50e54281f29a67527cd35fc07f9062795d3cf5f1a67f163d730&,1,2,25,10,8,9,5,7,1,11,5,D+20,None,None,None,None,None,None,None,85,55,35,45,30,30,10,Yes,Great Lord,3,3,3,2,3,5,3,1,+40,None,C,None,None,None,None,None,None,No,None,0,0,0,0,0,0,0,0,None,None,None,None,None,None,None,None
Teodor,Druid,<:AffinDark:1083548169901707285>,https://cdn.discordapp.com/attachments/1161059985598447646/1203844861799702549/Teodor.png?ex=65d292e5&is=65c01de5&hm=272f2feede884720e8b0fdb5cc67fdb2f952a00233ee02ee91b780f9d18c1497&,1,1,30,16,14,6,8,7,16,10,6,None,None,None,None,None,None,B+30,E+15,20,65,30,20,25,15,20,No,None,0,0,0,0,0,0,0,0,None,None,None,None,None,None,None,None,None,No,None,0,0,0,0,0,0,0,0,None,None,None,None,None,None,None,None
Wil,Archer,<:AffinWind:1083548175928926208>,https://cdn.discordapp.com/attachments/1161059985598447646/1203844867029995590/Wil.png?ex=65d292e6&is=65c01de6&hm=ec5e96bd7e5d28de3635259ba12e92618df18c9c7467619d65a433f355b6b541&,1,2,23,9,10,7,6,4,3,8,5,None,None,None,D,None,None,None,None,70,60,45,35,45,20,15,Yes,Sniper,3,2,4,2,2,2,1,1,None,None,None,+40,None,None,None,None,None,No,None,0,0,0,0,0,0,0,0,None,None,None,None,None,None,None,None
Isadora,Cavalier,<:AffinDark:1083548169901707285>,https://cdn.discordapp.com/attachments/1161059985598447646/1203844876962373632/Isadora.png?ex=65d292e9&is=65c01de9&hm=2495049097c3d87ccd0c27b77d00c7b99a37d10b34ddbb54122436d6043e813c&,1,2,24,6,8,10,9,6,3,9,7,D,E,None,None,None,None,None,None,70,35,40,55,45,20,30,Yes,Paladin,4,2,3,1,2,2,2,1,+30,+40,None,None,None,None,None,None,None,No,None,0,0,0,0,0,0,0,0,None,None,None,None,None,None,None,None
Garcia,Fighter,<:AffinFire:1083548172254720080>,https://cdn.discordapp.com/attachments/1161059985598447646/1203844889142628403/Garcia.png?ex=65d292eb&is=65c01deb&hm=a89babd90c29bfd2a55932fe855a934dfba9ffe379ca91583b3ddc1810172098&,1,4,28,12,10,6,6,5,0,14,5,None,None,C,None,None,None,None,None,80,65,40,25,40,25,15,Yes,Warrior,5,3,1,2,1,0,2,1,None,None,+40,D,None,None,None,None,None,No,None,0,0,0,0,0,0,0,0,None,None,None,None,None,None,None,None
Groznyi,Brigand,<:AffinThunder:1083548174637084703>,https://cdn.discordapp.com/attachments/1161059985598447646/1203844895094214707/Groznyi.png?ex=65d292ed&is=65c01ded&hm=bf1bdef5b12b5085e29138979ff3f46c630ccab03c17bb4947f12a025b8489b8&,2,5,29,10,7,9,4,3,7,12,5,None,None,E,None,None,None,None,None,79,37,31,52,14,33,56,Yes,Berserker,4,2,4,2,2,1,1,1,None,None,+40,None,None,None,None,None,A Wire,No,None,0,0,0,0,0,0,0,0,None,None,None,None,None,None,None,None
Wire,Knight,<:AffinDark:1083548169901707285>,https://cdn.discordapp.com/attachments/1161059985598447646/1203844900479832164/Wire.png?ex=65d292ee&is=65c01dee&hm=154a5229f872c5bf3cc5a57c0b93cd3e445465df7a970a51e1cad2131d9ab161&,2,7,32,11,8,5,6,11,4,13,5,None,D,None,None,None,None,None,None,70,45,30,10,15,45,0,Yes,General,4,3,2,1,3,1,2,1,E,+30,D,None,None,None,None,None,A Groznyi,No,None,0,0,0,0,0,0,0,0,None,None,None,None,None,None,None,None
Dorothy,Archer,<:AffinFire:1083548172254720080>,https://cdn.discordapp.com/attachments/1161059985598447646/1203844911896461322/Dorothy.png?ex=65d292f1&is=65c01df1&hm=dbc693e69b624c611d03fdbd4bcb8c197296f79339395d4fa94a6c569bf1a773&,3,5,26,8,10,11,5,5,3,8,5,None,None,None,C,None,None,None,None,85,40,45,55,35,15,15,Yes,Sniper,3,2,4,2,2,2,1,1,None,None,None,+40,None,None,None,None,None,No,None,0,0,0,0,0,0,0,0,None,None,None,None,None,None,None,None
Yodel,Priest,<:AffinLight:1083548171281641583>,https://cdn.discordapp.com/attachments/1161059985598447646/1203844918116745256/Yodel.png?ex=65d292f2&is=65c01df2&hm=effe2393d7c6e44516a51b93cea166df32b3a55a461de78139ca8a19f522ac9a&,3,10,25,10,8,8,7,3,12,6,5,None,None,None,None,None,None,None,C,60,30,30,25,35,10,90,Yes,Bishop,4,1,2,4,1,2,1,1,None,None,None,None,None,D+20,None,+40,None,No,None,0,0,0,0,0,0,0,0,None,None,None,None,None,None,None,None
Lugh,Mage,<:AffinFire:1083548172254720080>,https://cdn.discordapp.com/attachments/1161059985598447646/1203844925125427261/Lugh.png?ex=65d292f4&is=65c01df4&hm=d58e385eab3ad05da2416a0133eddfb30748491f71064555aad8c6e3b6c875c0&,4,1,19,7,8,9,6,4,6,6,5,None,None,None,None,D,None,None,None,55,45,50,55,35,20,30,Yes,Sage,4,3,3,2,1,2,1,1,None,None,None,None,+40,None,None,D,C Chad,No,None,0,0,0,0,0,0,0,0,None,None,None,None,None,None,None,None
Chad,Thief,<:AffinThunder:1083548174637084703>,https://cdn.discordapp.com/attachments/1161059985598447646/1203845098970939422/Chad.png?ex=65d2931d&is=65c01e1d&hm=8a316715d43fa7c361811870dd3c7432f4a209964d788c0eda3cad4df05969c3&,4,1,20,5,5,12,6,3,1,6,6,E,None,None,None,None,None,None,None,70,50,50,75,60,25,15,Yes,Assassin,3,2,6,1,2,1,2,0,+30,None,None,None,None,None,None,None,C Lugh,No,None,0,0,0,0,0,0,0,0,None,None,None,None,None,None,None,None
Erik,Cavalier,<:AffinThunder:1083548174637084703>,https://cdn.discordapp.com/attachments/1161059985598447646/1203854537086205952/Erik.png?ex=65d29be8&is=65c026e8&hm=6816feee467ac31a89f93d432184ab6bdc7887c565435659fbc17722240e622b&,5,7,28,11,10,8,6,9,4,12,7,C,A,None,None,None,None,None,None,80,45,60,30,35,30,35,Yes,Paladin,4,2,3,1,2,2,2,1,+30,40,None,None,None,None,None,None,None,No,None,0,0,0,0,0,0,0,0,None,None,None,None,None,None,None,None
Farina,Pegasus Knight,<:AffinAnima:1083548168672792697>,https://cdn.discordapp.com/attachments/1161059985598447646/1203854554215747584/Farina.png?ex=65d29bec&is=65c026ec&hm=56e3a9c136b5f09c6e1614904886214433b6025a42450dd3911e727c87006098&,5,7,24,7,10,11,7,7,9,6,7,None,D+20,None,None,None,None,None,None,75,50,40,45,45,25,30,Yes,Falcoknight,5,2,2,2,2,3,1,1,D,+40,None,None,None,None,None,None,None,No,None,0,0,0,0,0,0,0,0,None,None,None,None,None,None,None,None
Sophia,Shaman (Manakete),<:AffinDark:1083548169901707285>,https://cdn.discordapp.com/attachments/1161059985598447646/1203854591574409307/Sophia.png?ex=65d29bf5&is=65c026f5&hm=e9f92d31a1a10c2c5112192e1b9bb5f5890f599cae70312b41b5bb304392b203&,Int. 1,1,20,6,5,5,6,2,8,6,5,None,None,None,None,None,None,C,None,60,65,40,30,20,20,55,Yes,Druid (Manakete),4,3,2,2,2,3,1,1,None,None,None,None,None,None,+40,E,None,No,None,0,0,0,0,0,0,0,0,None,None,None,None,None,None,None,None
Hawkeye,Brigand,<:AffinWind:1083548175928926208>,https://cdn.discordapp.com/attachments/1161059985598447646/1203854604048007178/Hawkeye.png?ex=65d29bf8&is=65c026f8&hm=3af8e295a98fc15e133ccbd66f1a1bf175c9b0bd20fd6e10d266da08347a59f8&,Int. 1,8,42,14,9,7,11,9,6,15,5,None,None,C,None,None,None,None,None,50,40,30,25,40,20,35,Yes,Berserker,3,3,3,1,3,0,1,1,None,None,+40,None,None,None,None,None,None,No,None,0,0,0,0,0,0,0,0,None,None,None,None,None,None,None,None
Limstella,Mage,<:AffinDark:1083548169901707285>,https://cdn.discordapp.com/attachments/1161059985598447646/1203854612117983262/Limstella.png?ex=65d29bfa&is=65c026fa&hm=3138945318dfa69b7511445f7a7c1c0b7e3f5fdd6b77e9d60cfc39a8b1f5c1bb&,Int. 1,8,30,12,10,8,0,9,12,6,5,None,None,None,None,C,None,None,None,85,60,45,30,5,40,35,Yes,Morphic Sage,5,2,1,1,3,3,1,1,None,None,None,None,+40,None,None,D,None,No,None,0,0,0,0,0,0,0,0,None,None,None,None,None,None,None,None
Selena,Mage Knight,<:AffinThunder:1083548174637084703>,https://cdn.discordapp.com/attachments/1161059985598447646/1203854770637635684/Selena.png?ex=65d29c1f&is=65c0271f&hm=0ceaff67224ba7993b1b615d3ea76bcc091b77901c5f86b56f818b83da3b3ffb&,Int. 1,1,27,10,14,10,9,4,7,8,8,None,None,None,None,A,None,None,E,85,40,55,40,25,20,30,No,None,0,0,0,0,0,0,0,0,None,None,None,None,None,None,None,None,None,No,None,0,0,0,0,0,0,0,0,None,None,None,None,None,None,None,None
Amelia,Knight,<:AffinThunder:1083548174637084703>,https://cdn.discordapp.com/attachments/1161059985598447646/1203854788136140870/Amelia.png?ex=65d29c24&is=65c02724&hm=62a333e2ee760a18787b4d4699c3e6465e4885070e5238d949cc5d95729bb604&,Int. 1,7,29,11,10,11,14,9,5,10,5,None,D+20,None,None,None,None,None,None,70,40,40,40,50,30,15,Yes,General,4,3,2,1,3,1,2,1,E,+30,D,None,None,None,None,None,None,No,None,0,0,0,0,0,0,0,0,None,None,None,None,None,None,None,None
Uhai,Nomad,<:AffinWind:1083548175928926208>,https://cdn.discordapp.com/attachments/1161059985598447646/1203854803478773780/Uhai.png?ex=65d29c27&is=65c02727&hm=6f0e213a07f87ca26db87899e18de529714605221ab23313edb77778c6690df7&,Int. 1,8,27,11,9,8,6,8,9,11,7,None,None,None,C,None,None,None,None,75,50,40,35,30,35,40,Yes,Nomad Trooper,1,2,1,3,1,3,1,1,E,None,None,+40,None,None,None,None,None,No,None,0,0,0,0,0,0,0,0,None,None,None,None,None,None,None,None
Marisa,Myrmidon,<:AffinIce:1083548173190045817>,https://cdn.discordapp.com/attachments/1161059985598447646/1203863226371145769/Marisa.png?ex=65d2a3ff&is=65c02eff&hm=68935046ae68d0419dd102cde7a6702ce16c09915ec337172c42b888b47459d0&,6,8,30,9,11,14,11,5,5,8,5,C,None,None,None,None,None,None,None,75,30,55,60,50,15,25,Yes,Swordmaster,2,2,2,3,2,1,1,1,+40,None,None,None,None,None,None,None,None,No,None,0,0,0,0,0,0,0,0,None,None,None,None,None,None,None,None
Ein,Manakete,<:AffinFire:1083548172254720080>,https://cdn.discordapp.com/attachments/1161059985598447646/1203863233652330606/Ein.png?ex=65d2a401&is=65c02f01&hm=976801defa0cbd62101a74dac2eb57ca3cc14480f2e7f19f2d4deaf5ea20884b&,6,1,37,7,5,3,7,4,6,5,5,None,None,None,None,None,None,None,None,125,65,25,20,10,30,5,No,None,0,0,0,0,0,0,0,0,None,None,None,None,None,None,None,None,None,No,None,0,0,0,0,0,0,0,0,None,None,None,None,None,None,None,None
Lucius,Monk,<:AffinLight:1083548171281641583>,https://cdn.discordapp.com/attachments/1161059985598447646/1203863252195610634/Lucius.png?ex=65d2a406&is=65c02f06&hm=37b067362d7ef8cbd3ccd4f46f98eb7c9f5793fd8c20097529208df3a79d454c&,7,9,25,11,7,12,5,2,12,7,5,None,None,None,None,None,C,None,None,55,60,50,40,20,10,60,Yes,Bishop,4,2,3,2,1,2,1,1,None,None,None,None,None,+40,None,C,A Raven,No,None,0,0,0,0,0,0,0,0,None,None,None,None,None,None,None,None
Raven,Mercenary,<:AffinIce:1083548173190045817>,https://cdn.discordapp.com/attachments/1161059985598447646/1203863247707705364/Raven.png?ex=65d2a404&is=65c02f04&hm=c9a5cab912dd3f99b4cdf284e38d855be613cee42496ad1973f90d1e1c290b25&,7,9,28,10,12,13,5,5,6,9,5,C+25,None,None,None,None,None,None,None,75,45,40,55,35,25,30,Yes,Hero,4,2,3,3,2,2,2,1,+40,None,D,None,None,None,None,None,A Lucius,No,None,0,0,0,0,0,0,0,0,None,None,None,None,None,None,None,None
Renault,Bishop,<:AffinAnima:1083548168672792697>,https://cdn.discordapp.com/attachments/1161059985598447646/1203863262635233290/Renault.png?ex=65d2a408&is=65c02f08&hm=01eb6e197270bf892244bae2823181c2c2ef2267cbd032b842328a0206f88b45&,8,1,34,6,17,16,10,12,12,9,6,None,None,None,None,None,B,None,B,60,40,30,35,15,20,40,No,None,0,0,0,0,0,0,0,0,None,None,None,None,None,None,None,None,None,No,None,0,0,0,0,0,0,0,0,None,None,None,None,None,None,None,None
Zeiss,Wyvern Rider,<:AffinThunder:1083548174637084703>,https://cdn.discordapp.com/attachments/1161059985598447646/1203863295522508820/Zeiss.png?ex=65d2a410&is=65c02f10&hm=c76c6908404a4eafcf19f15f699d06f025364e3c4860bd38f07c1d20e83cb2fa&,8,7,28,14,9,8,8,12,2,10,7,None,D,None,None,None,None,None,None,80,60,50,35,20,25,5,Yes,Wyvern Lord,4,2,1,2,2,1,1,1,D,+40,None,None,None,None,None,None,None,No,None,0,0,0,0,0,0,0,0,None,None,None,None,None,None,None,None
Fargus,Pirate,<:AffinThunder:1083548174637084703>,https://cdn.discordapp.com/attachments/1161059985598447646/1203863274677084231/Fargus.png?ex=65d2a40b&is=65c02f0b&hm=c461ddddb62393962a77946b1ce02ed84e6a097ae44290561303cd1a3e79a5bc&,9,10,35,14,7,10,9,8,8,14,5,None,None,B,None,None,None,None,None,90,40,35,30,40,50,30,Yes,Berserker,6,2,2,2,2,1,3,1,None,None,+40,None,None,None,None,None,None,No,None,0,0,0,0,0,0,0,0,None,None,None,None,None,None,None,None
Wallace,General,<:AffinIce:1083548173190045817>,https://cdn.discordapp.com/attachments/1161059985598447646/1203863279789674556/Wallace.png?ex=65d2a40c&is=65c02f0c&hm=8f016711adf41549b266deb1a356b85247f4cf772fb6bfe784d5219e59c21987&,9,1,32,16,12,8,12,16,4,16,6,C+26,D+5,S,None,None,None,None,None,60,36,16,20,20,36,16,No,None,0,0,0,0,0,0,0,0,None,None,None,None,None,None,None,None,None,No,None,0,0,0,0,0,0,0,0,None,None,None,None,None,None,None,None
Dara,Shaman,<:AffinAnima:1083548168672792697>,https://cdn.discordapp.com/attachments/1161059985598447646/1203863311125450782/Dara.png?ex=65d2a414&is=65c02f14&hm=ce53e5426db5bfb076ab1bd20d2fc7a8c95bb2a1e2a54bf403a7dbfc966b3dd1&,10,11,28,9,11,14,9,5,9,9,5,None,None,None,None,None,None,C,None,85,40,50,45,20,25,25,Yes,Druid,4,3,2,2,2,3,1,1,None,None,None,None,None,None,+40,E,None,No,None,0,0,0,0,0,0,0,0,None,None,None,None,None,None,None,None
William,Cavalier,<:AffinDark:1083548169901707285>,https://cdn.discordapp.com/attachments/1161059985598447646/1203863315537731645/William.png?ex=65d2a415&is=65c02f15&hm=4778c69c1d96a2142259d6a58c5497fb0b00e2572a52698a8d81a25ec313f317&,10,11,30,13,11,12,6,7,3,11,7,C,D,None,None,None,None,None,None,80,50,35,50,30,15,10,Yes,Paladin,4,2,3,1,2,2,2,1,+30,+40,None,None,None,None,None,None,None,No,None,0,0,0,0,0,0,0,0,None,None,None,None,None,None,None,None
Denning,Sniper,<:AffinIce:1083548173190045817>,https://cdn.discordapp.com/attachments/1161059985598447646/1203863328145932350/Denning.png?ex=65d2a418&is=65c02f18&hm=30f817ec37fa34b697ff2b1a6ab6c8f85decf9c8c27be9881100fabe845f3eb8&,Int. 2,1,36,14,14,14,0,10,18,11,6,None,None,None,A,None,None,None,None,75,30,30,30,1,20,40,No,None,0,0,0,0,0,0,0,0,None,None,None,None,None,None,None,None,None,No,None,0,0,0,0,0,0,0,0,None,None,None,None,None,None,None,None
Ephraim,Lord,<:AffinFire:1083548172254720080>,https://cdn.discordapp.com/attachments/1161059985598447646/1203863333439148102/Ephraim.png?ex=65d2a419&is=65c02f19&hm=af51f4a2cba68d5be3bcd0b7aa3b49104a4b327acc5416f5c2f5d64ab1cee2b0&,Int. 2,11,28,11,13,14,11,9,4,10,5,None,C,None,None,None,None,None,None,80,55,55,45,50,35,25,Yes,Great Lord,4,2,3,2,2,5,2,3,None,+40,None,None,None,None,None,None,None,No,None,0,0,0,0,0,0,0,0,None,None,None,None,None,None,None,None
Eirika,Lord,<:AffinLight:1083548171281641583>,https://cdn.discordapp.com/attachments/1161059985598447646/1203863343727775775/Eirika.png?ex=65d2a41b&is=65c02f1b&hm=b3c8826bfc7088ab053bfd587fea22a4eea4c557febc23055d2df90147230d51&,Int. 2,12,28,9,14,16,15,6,5,7,5,B,None,None,None,None,None,None,None,70,40,60,65,60,30,35,Yes,Great Lord,4,2,2,1,3,5,2,3,+70,None,None,None,None,None,None,None,None,No,None,0,0,0,0,0,0,0,0,None,None,None,None,None,None,None,None
Thany,Pegasus Knight,<:AffinWind:1083548175928926208>,https://cdn.discordapp.com/attachments/1161059985598447646/1203863519192154192/Thany.png?ex=65d2a445&is=65c02f45&hm=67b6c0eb5d8a28d8eb6eb7fba6f34230fd9bf220525d75b4c07b66e78ae3ae90&,Int. 2,5,25,6,9,18,9,5,10,4,7,None,C,None,None,None,None,None,None,65,25,45,60,60,10,30,Yes,Falcoknight,5,2,2,2,2,3,1,1,D,+40,None,None,None,None,None,None,None,No,None,0,0,0,0,0,0,0,0,None,None,None,None,None,None,None,None
Duessel,Great Knight,<:AffinAnima:1083548168672792697>,https://cdn.discordapp.com/attachments/1161059985598447646/1203863535273381888/Duessel.png?ex=65d2a449&is=65c02f49&hm=2b6514a2e8700ebe0894a9a2ba930297c98107ec1e9bcc776142604e7227bb7d&,Int. 2,10,38,18,13,9,8,15,9,15,7,C,B,B,None,None,None,None,None,80,55,45,40,25,45,30,No,None,0,0,0,0,0,0,0,0,None,None,None,None,None,None,None,None,None,No,None,0,0,0,0,0,0,0,0,None,None,None,None,None,None,None,None
Pablo,Sage,<:AffinIce:1083548173190045817>,https://cdn.discordapp.com/attachments/1161059985598447646/1203863544295329822/Pablo.png?ex=65d2a44b&is=65c02f4b&hm=96e1b0e1a9952f7580a13c88eaa66fc37b58d7c223300f3f05b8e1a7d01c0de2&,Int. 2,1,34,14,9,15,10,9,16,7,6,None,None,None,None,C,A,None,D+10,65,45,20,45,35,20,35,No,None,0,0,0,0,0,0,0,0,None,None,None,None,None,None,None,None,None,No,None,0,0,0,0,0,0,0,0,None,None,None,None,None,None,None,None
Nils,Bard (Manakete),<:AffinIce:1083548173190045817>,https://cdn.discordapp.com/attachments/1161059985598447646/1203864085469462568/Nils.png?ex=65d2a4cc&is=65c02fcc&hm=2dd7b94ab95109e3fd35f719b1ec3112701914160b9e364abaa8fb7be2de11c3&,Int. 2 (Auto),7,19,1,2,14,7,3,11,6,5,None,None,None,None,None,None,None,None,100,1,2,55,30,10,40,No,None,0,0,0,0,0,0,0,0,None,None,None,None,None,None,None,None,None,No,None,0,0,0,0,0,0,0,0,None,None,None,None,None,None,None,None
Karla,Myrmidon,<:AffinDark:1083548169901707285>,https://cdn.discordapp.com/attachments/1161059985598447646/1222913785304715394/Karla.png?ex=6617f237&is=66057d37&hm=1560a4f378038d2e144a245539c6baa453fc45b4b5e8c132c1a0471616aed449&,11,10,27,10,15,15,10,6,7,9,5,B,None,None,None,None,None,None,None,60,25,45,55,40,10,20,Yes,Swordmaster,2,2,2,3,2,1,1,1,+40,None,None,None,None,None,None,None,None,No,None,0,0,0,0,0,0,0,0,None,None,None,None,None,None,None,None
Leila,Thief,<:AffinWind:1083548175928926208>,https://cdn.discordapp.com/attachments/1161059985598447646/1222913790996250818/Leila.png?ex=6617f238&is=66057d38&hm=b0d6fd68a19b5878ca53b283c4f71458b543487e3b7d972e7f7c8b4ac98a227a&,11,10,26,7,10,18,8,5,9,5,6,B,None,None,None,None,None,None,None,80,55,30,10,55,15,20,Yes,Rogue,1,2,1,4,1,2,1,1,None,None,None,None,None,None,None,None,None,No,None,0,0,0,0,0,0,0,0,None,None,None,None,None,None,None,None
Beran,Ranger,<:AffinIce:1083548173190045817>,https://cdn.discordapp.com/attachments/1161059985598447646/1222913805097504768/Beran.png?ex=6617f23b&is=66057d3b&hm=01d849d9e356ff26076485b8707a86d90baae6f21d3b75421938254d842eee75&,12,7,40,12,14,13,8,12,10,9,8,C,None,None,B,None,None,None,None,105,25,35,25,30,20,5,No,None,0,0,0,0,0,0,0,0,None,None,None,None,None,None,None,None,None,No,None,0,0,0,0,0,0,0,0,None,None,None,None,None,None,None,None
Knoll,Summoner,<:AffinDark:1083548169901707285>,https://cdn.discordapp.com/attachments/1161059985598447646/1222913797480644658/Knoll.png?ex=6617f239&is=66057d39&hm=12cdcc9fe3ee71fa0beb1ca7defea2856ef33c90d28250f9db8fdd198ff7255c&,12,4,23,13,17,11,2,5,13,8,6,None,None,None,None,None,None,C,C+10,17,43,66,39,13,4,43,No,None,0,0,0,0,0,0,0,0,None,None,None,None,None,None,None,None,None,No,None,0,0,0,0,0,0,0,0,None,None,None,None,None,None,None,None
Ursula,Valkyrie,<:AffinThunder:1083548174637084703>,https://cdn.discordapp.com/attachments/1161059985598447646/1222914317113098311/Ursula.png?ex=6617f2b5&is=66057db5&hm=3c6f421607677295e91934ee9949c2ec929abf6d8073e35b1b6edb8d9cb772d4&,13,15,34,12,13,16,4,8,19,8,8,None,None,None,None,None,A,None,B,50,20,30,35,15,15,15,No,None,0,0,0,0,0,0,0,0,None,None,None,None,None,None,None,None,None,No,None,0,0,0,0,0,0,0,0,None,None,None,None,None,None,None,None
Caelin,Soldier,<:AffinAnima:1083548168672792697>,https://cdn.discordapp.com/attachments/1161059985598447646/1222914327686938694/Caelin.png?ex=6617f2b8&is=66057db8&hm=e7314c2292acf78044eeff4c2f5235a923f1b0fb031a5e60701d60bbed3f1da2&,13,10,42,17,7,10,7,6,3,8,5,None,C,None,None,None,None,None,None,75,55,45,20,30,10,5,Yes,Halberdier,4,3,4,3,2,1,2,1,None,+70,None,None,None,None,None,None,None,No,None,0,0,0,0,0,0,0,0,None,None,None,None,None,None,None,None
Sigune,Falcoknight,<:AffinWind:1083548175928926208>,https://cdn.discordapp.com/attachments/1161059985598447646/1222914334238314588/Sigune.png?ex=6617f2b9&is=66057db9&hm=8a31136ed1308e28ddba97981c09ba9d7ccd67c92a91360bc5f6125b6ee0caa4&,14,9,35,14,14,21,14,9,11,7,8,A,D+20,None,None,None,None,None,None,60,35,40,50,55,15,25,No,None,0,0,0,0,0,0,0,0,None,None,None,None,None,None,None,None,None,No,None,0,0,0,0,0,0,0,0,None,None,None,None,None,None,None,None
Sonia,Morphic Sage,<:AffinThunder:1083548174637084703>,https://cdn.discordapp.com/attachments/1161059985598447646/1222914342312349736/Sonia.png?ex=6617f2bb&is=66057dbb&hm=00e97977ad647a6f1453e52c2a1a85fee773d693691af618b63e7cbfab6df38f&,14,10,36,17,15,13,0,14,17,8,6,None,None,None,None,A,None,None,D+20,70,50,40,35,5,35,40,No,None,0,0,0,0,0,0,0,0,None,None,None,None,None,None,None,None,None,No,None,0,0,0,0,0,0,0,0,None,None,None,None,None,None,None,None
Roy,Lord,<:AffinFire:1083548172254720080>,https://cdn.discordapp.com/attachments/1161059985598447646/1222914349010653184/Roy.png?ex=6617f2bd&is=66057dbd&hm=9607cbadf97111e1a41f5b0349fda6d018049c2947869f0278d0f336229edf75&,15,S,25,8,12,12,8,4,5,6,5,B+9,None,None,None,None,None,None,None,70,45,55,65,65,30,45,Yes,Master Lord,4,1,2,3,2,1,5,1,+40,None,None,None,None,None,None,None,None,No,None,0,0,0,0,0,0,0,0,None,None,None,None,None,None,None,None
Myrrh,Manakete,<:AffinWind:1083548175928926208>,https://cdn.discordapp.com/attachments/1161059985598447646/1222914355780386867/Myrrh.png?ex=6617f2bf&is=66057dbf&hm=17ed0684d4fb4f8ed3c2053f5ebf5c3d8e1e8fe94595fd2c9c04fb66bf306140&,15,10,50,6,4,11,20,2,0,5,6,None,None,None,None,None,None,None,None,130,50,30,20,70,40,30,No,None,0,0,0,0,0,0,0,0,None,None,None,None,None,None,None,None,None,No,None,0,0,0,0,0,0,0,0,None,None,None,None,None,None,None,None
Lance,Paladin,<:AffinAnima:1083548168672792697>,https://cdn.discordapp.com/attachments/1161059985598447646/1222914990919516210/Lance.png?ex=6617f356&is=66057e56&hm=2ea27d1fa03911d76c6f53f0eb656875a6ccb55d3d433d4e96ca6d91cbb4b08c&,16,5,38,15,16,20,12,11,4,11,8,B+30,C+30,None,None,None,None,None,None,75,35,45,55,35,20,15,No,None,0,0,0,0,0,0,0,0,None,None,None,None,None,None,None,None,None,No,None,0,0,0,0,0,0,0,0,None,None,None,None,None,None,None,None
Kyle,Great Knight,<:AffinIce:1083548173190045817>,https://cdn.discordapp.com/attachments/1161059985598447646/1222914974679306331/Kyle.png?ex=6617f352&is=66057e52&hm=3e48a3ca87585fa31de96754001dead7b221ab4e87dbeb640b1535e75438fd74&,16,5,43,19,17,13,10,16,8,14,7,D,B+20,C+20,None,None,None,None,None,90,55,40,40,20,25,15,No,None,0,0,0,0,0,0,0,0,None,None,None,None,None,None,None,None,None,No,None,0,0,0,0,0,0,0,0,None,None,None,None,None,None,None,None
Cath,Thief,<:AffinAnima:1083548168672792697>,https://cdn.discordapp.com/attachments/1161059985598447646/1222915048725414009/Cath.png?ex=6617f364&is=66057e64&hm=9ad57f98fc9896fd47e7a80b501b083e570a5d5f069fd435166bc467e66d3ab8&,Int. 3,15,29,14,10,20,30,5,3,5,6,S,None,None,None,None,None,None,None,70,50,35,85,100,10,15,Yes,Rogue,1,2,1,4,1,2,1,1,None,None,None,None,None,None,None,None,None,No,None,0,0,0,0,0,0,0,0,None,None,None,None,None,None,None,None
Jerme,Assassin,<:AffinDark:1083548169901707285>,https://cdn.discordapp.com/attachments/1161059985598447646/1222915008762085456/Jerme.png?ex=6617f35a&is=66057e5a&hm=2fdbb555485757fbac260adf92205b506c34be40fbb80f69c940d06a0d02511a&,Int. 3,13,41,18,18,17,12,10,20,8,6,S,None,None,None,None,None,None,None,105,65,20,35,40,30,15,No,None,0,0,0,0,0,0,0,0,None,None,None,None,None,None,None,None,None,No,None,0,0,0,0,0,0,0,0,None,None,None,None,None,None,None,None
Hugh,Sage,<:AffinWind:1083548175928926208>,https://cdn.discordapp.com/attachments/1161059985598447646/1222915003217346580/Hugh.png?ex=6617f359&is=66057e59&hm=3e001e5e8c618712a7dd0bb2dcabba8ea184225b7f5fed7ec1a6ba552e829555&,Int. 3,5,33,28,30,9,11,11,11,8,6,None,None,None,None,B,None,None,C+25,75,0,0,45,25,20,15,No,None,0,0,0,0,0,0,0,0,None,None,None,None,None,None,None,None,None,No,None,0,0,0,0,0,0,0,0,None,None,None,None,None,None,None,None
Lyon,Necromancer,<:AffinIce:1083548173190045817>,https://cdn.discordapp.com/attachments/1161059985598447646/1222915020585697360/Lyon.png?ex=6617f35d&is=66057e5d&hm=f37bfda92e3e1be31996e21d4c1a24a46c5dcec9e49b6e84b64af972ee736fda&,Int. 3,14,42,20,13,9,4,11,13,7,6,None,None,None,None,None,None,A+50,E,85,50,55,55,30,45,55,No,None,0,0,0,0,0,0,0,0,None,None,None,None,None,None,None,None,None,No,None,0,0,0,0,0,0,0,0,None,None,None,None,None,None,None,None
Athos,Archpupil,<:AffinAnima:1083548168672792697>,https://cdn.discordapp.com/attachments/1161059985598447646/1222915043599843509/Athos.png?ex=6617f363&is=66057e63&hm=66b66f51911712527069bf95a7baec0ba4ddc5cc8f8b9e7b8ac45aa769dbf37c&,Int. 3,1,27,9,9,9,12,3,18,5,5,None,None,None,None,C,None,None,None,45,25,25,25,85,25,25,Yes,Archmage,4,4,4,4,2,2,1,0,None,None,None,None,+40,C,C,None,None,Yes,Archsage,4,5,2,4,2,4,3,1,None,None,None,None,+180,+150,+150,B+50
Valter,Wyvern Knight,<:AffinIce:1083548173190045817>,https://cdn.discordapp.com/attachments/1161059985598447646/1222915027120558172/Valter.png?ex=6617f35f&is=66057e5f&hm=0857c297cb9df77aecaed7fc7b9b86d7515042235b8e2d552a9d072e8abf9ea2&,Int. 3,12,45,19,17,17,3,13,12,11,8,None,S,None,None,None,None,None,None,80,40,55,50,15,20,20,No,None,0,0,0,0,0,0,0,0,None,None,None,None,None,None,None,None,None,No,None,0,0,0,0,0,0,0,0,None,None,None,None,None,None,None,None
Jan,Berserker,<:AffinAnima:1083548168672792697>,https://cdn.discordapp.com/attachments/1161059985598447646/1222915065447977003/Jan.png?ex=6617f368&is=66057e68&hm=daf9764c4e13bce32477d0b1c2ca8af63a1bc16bfa60f115d82e89991fcd0e37&,17,7,48,19,15,19,15,7,16,13,6,None,None,S,None,None,None,None,None,65,45,30,50,25,10,45,No,None,0,0,0,0,0,0,0,0,None,None,None,None,None,None,None,None,None,No,None,0,0,0,0,0,0,0,0,None,None,None,None,None,None,None,None
Bartre,Warrior,<:AffinThunder:1083548174637084703>,https://cdn.discordapp.com/attachments/1161059985598447646/1222915076105703434/Bartre.png?ex=6617f36a&is=66057e6a&hm=c12c25d153a353e600b053c4bf13bcb2abd61546150104df2c533c76a761b98b&,17,5,52,23,13,13,15,16,4,14,6,None,None,A,C,None,None,None,None,80,60,30,40,35,20,5,No,None,0,0,0,0,0,0,0,0,None,None,None,None,None,None,None,None,None,No,None,0,0,0,0,0,0,0,0,None,None,None,None,None,None,None,None
Echidna,Hero,<:AffinIce:1083548173190045817>,https://cdn.discordapp.com/attachments/1161059985598447646/1222915071039111228/Echidna.png?ex=6617f369&is=66057e69&hm=af14cdb15c0d24eb5fa3fb2b0ca517db7c4b433ccaf0d05c1412d0a9af686cab&,17,5,39,15,23,21,9,11,10,9,6,C,None,B,None,None,None,None,None,75,30,55,60,20,15,15,No,None,0,0,0,0,0,0,0,0,None,None,None,None,None,None,None,None,None,No,None,0,0,0,0,0,0,0,0,None,None,None,None,None,None,None,None
Linus,Hero,<:AffinThunder:1083548174637084703>,https://cdn.discordapp.com/attachments/1161059985598447646/1222915823102857296/Linus.png?ex=6617f41c&is=66057f1c&hm=62405145d8993d101cddfbd13f57615345ed2350760d607d7d680879ee78f9da&,18,17,54,23,22,14,14,15,5,14,6,C,None,S,None,None,None,None,None,150,120,20,10,20,35,15,No,None,0,0,0,0,0,0,0,0,None,None,None,None,None,None,None,None,A Lloyd,No,None,0,0,0,0,0,0,0,0,None,None,None,None,None,None,None,None
Lloyd,Swordmaster,<:AffinAnima:1083548168672792697>,https://cdn.discordapp.com/attachments/1161059985598447646/1222915816442298501/Lloyd.png?ex=6617f41b&is=66057f1b&hm=586ced3629a871662710885b5b142538e9f3ccfeff733246b71c0c29577c8d99&,18,18,46,18,22,23,8,9,18,9,6,S,None,None,None,None,None,None,None,40,25,60,170,10,5,80,No,None,0,0,0,0,0,0,0,0,None,None,None,None,None,None,None,None,A Linus,No,None,0,0,0,0,0,0,0,0,None,None,None,None,None,None,None,None
L'Arachel,Valkyrie,<:AffinLight:1083548171281641583>,https://cdn.discordapp.com/attachments/1161059985598447646/1222915828778008716/LArachel.png?ex=6617f41e&is=66057f1e&hm=4c8190173ce5981ee56d37f14eb87a76540395a3b9260c68193baadc4cb9e5f8&,19,4,30,15,14,19,25,10,21,6,8,None,None,None,None,None,S,None,D,45,50,45,45,65,15,50,No,None,0,0,0,0,0,0,0,0,None,None,None,None,None,None,None,None,None,No,None,0,0,0,0,0,0,0,0,None,None,None,None,None,None,None,None
Sue,Nomad Trooper,<:AffinWind:1083548175928926208>,https://cdn.discordapp.com/attachments/1161059985598447646/1222915838177181756/Sue.png?ex=6617f420&is=66057f20&hm=fd7248ab9ce0a97c819ada7ab5a2e73824685308bd88ca4796aea2bac3865fd6&,19,8,38,15,22,26,17,10,8,6,8,E,None,None,S,None,None,None,None,55,30,55,65,50,10,15,No,None,0,0,0,0,0,0,0,0,None,None,None,None,None,None,None,None,None,No,None,0,0,0,0,0,0,0,0,None,None,None,None,None,None,None,None
Elen,Bishop,<:AffinWind:1083548175928926208>,https://cdn.discordapp.com/attachments/1161059985598447646/1222915857404133496/Elen.png?ex=6617f425&is=66057f25&hm=d58d7a523cf9375e962c1756e8a721e44202e3f433d9f503194ab418e910adf1&,20,8,23,13,13,13,30,3,30,4,6,None,None,None,None,None,C,None,S,153,103,93,73,33,163,83,No,None,0,0,0,0,0,0,0,0,None,None,None,None,None,None,None,None,None,No,None,0,0,0,0,0,0,0,0,None,None,None,None,None,None,None,None
Milady,Wyvern Lord,<:AffinDark:1083548169901707285>,https://cdn.discordapp.com/attachments/1161059985598447646/1222915844066119770/Milady.png?ex=6617f421&is=66057f21&hm=3533b5b5d3cf58633f29af74e2a0673ca06688e6c3a4286b9cb118b2253aae2e&,20,8,47,22,14,13,18,18,6,10,8,C,S,None,None,None,None,None,None,50,50,50,50,50,50,50,No,None,0,0,0,0,0,0,0,0,None,None,None,None,None,None,None,None,None,No,None,0,0,0,0,0,0,0,0,None,None,None,None,None,None,None,None
Eliwood,Knight Lord,<:AffinAnima:1083548168672792697>,https://cdn.discordapp.com/attachments/1161059985598447646/1222913397767540848/Eliwood.png?ex=6617f1da&is=66057cda&hm=676961d3284b9d0cf55e89c23a510f62ee3beae7ccfc79d6f7112dcd174be04e&,21,10,40,24,25,23,15,14,15,9,8,S,A,None,None,None,None,None,None,80,45,50,40,45,30,35,No,None,0,0,0,0,0,0,0,0,None,None,None,None,None,None,None,None,None,No,None,0,0,0,0,0,0,0,0,None,None,None,None,None,None,None,None
Iduun,Druid (Manakete),<:AffinDark:1083548169901707285>,https://cdn.discordapp.com/attachments/1161059985598447646/1222915861564755968/Iduun.png?ex=6617f426&is=66057f26&hm=7a3b63c78caf097f115fc97653e60a3d841e8e8e99c09a35f35e1a455074bc67&,21,9,41,27,19,11,0,5,15,8,6,None,None,None,None,None,None,S,B,85,50,35,35,30,25,15,No,None,0,0,0,0,0,0,0,0,None,None,None,None,None,None,None,None,None,No,None,0,0,0,0,0,0,0,0,None,None,None,None,None,None,None,None
Eleanora,Bishop,<:AffinDark:1083548169901707285>,https://cdn.discordapp.com/attachments/1161059985598447646/1222915867629715506/Eleanora.png?ex=6617f427&is=66057f27&hm=b4cbf67ec9394e3fc32195f2254bea81825b584f7ee61fbce3304d0b3727337f&,22,19,35,15,15,21,13,8,18,7,6,None,None,None,None,S,D,None,A,150,130,120,140,150,110,140,No,None,0,0,0,0,0,0,0,0,None,None,None,None,None,None,None,None,None,No,None,0,0,0,0,0,0,0,0,None,None,None,None,None,None,None,None
Nergal,Dark Druid,<:AffinDark:1083548169901707285>,https://cdn.discordapp.com/attachments/1161059985598447646/1222916288922255450/Nergal.png?ex=6617f48b&is=66057f8b&hm=88e31b600d5cfc2aaefb9dad6a3916233c62edf2f2739f95d3c70013c56bfccd&,22,16,61,23,20,18,12,20,23,12,6,None,None,None,None,None,None,S,C,61,23,20,18,12,20,23,No,None,0,0,0,0,0,0,0,0,None,None,None,None,None,None,None,None,None,No,None,0,0,0,0,0,0,0,0,None,None,None,None,None,None,None,None
