Name,Class,Portrait,Lv,HP,Str,Mag,Skl,Spd,Def,Res,Luck,Con,Mov,Sword,Lance,Axe,Bow,Staff,Anima,Light,Dark,HP Growth,Str Growth,Mag Growth,Skl Growth,Spd Growth,Def Growth,Res Growth,Luck Growth,Leadership,Skills,Prf,Promotion Class,HP Gains,Str Gains,Mag Gains,Skl Gains,Spd Gains,Def Gains,Res Gains,Con Gains,Mov Gains,Sword Gains,Lance Gains,Axe Gains,Bow Gains,Staff Gains,Anima Gains,Light Gains,Dark Gains,Promotion Class 2,HP Gains 2,Str Gains 2,Mag Gains 2,Skl Gains 2,Spd Gains 2,Def Gains 2,Res Gains 2,Con Gains 2,Mov Gains 2,Sword Gains 2,Lance Gains 2,Prf Name,Prf Description,Prf Weapon Type,Prf Uses,Prf Mt,Prf Hit,Prf Wt,Prf Crit,Prf Range,Prf Name 2,Prf Description 2,Prf Weapon Type 2,Prf Uses 2,Prf Mt 2,Prf Hit 2,Prf Wt 2,Prf Crit 2,Prf Range 2,Prf Name 3,Prf Description 3,Prf Weapon Type 3,Prf Uses 3,Prf Mt 3,Prf Hit 3,Prf Wt 3,Prf Crit 3,Prf Range 3,Skill Name 1,Skill Desc 1,Skill Name 2,Skill Desc 2,Skill Name 3,Skill Desc 3,Skill Name 4,Skill Desc 4
Ellerie,Supplier,https://cdn.discordapp.com/attachments/1283421999879950376/1283973147573485619/Ellerie_trim.png?ex=66e4f0ad&is=66e39f2d&hm=eb0cee3ef179190ae4df29008ffdcb21d2f92eecfe349bc5351a7ee97020d70a&,1,29,9,8,8,7,6,4,10,9,5,None,D,None,None,C,None,None,None,95,45,40,40,35,30,20,50,2,"Lead by Example, Supply, Canto+ (Promotion)",Fengyan,Chieftain,6,4,3,4,3,3,2,2,3,None,60,None,None,60,None,None,None,,,,,,,,,,,,,Fengyan,Adds luck to dmg/def/res initiating. x2 WT. Auto-repair.,Lance,3,7,85,8,0,1,,,,,,,,,,,,,,,,,,,Lead by Example,"On a kill, adjacent allies can act again. Once per turn.",Supply,This unit has access to the convoy.,Canto+,Can use leftover move after attacking and other actions.,,
Oriana,Dancer,https://cdn.discordapp.com/attachments/1283421999879950376/1283973267320868936/Oriana_trim.png?ex=66e4f0c9&is=66e39f49&hm=a31c696fa3b710f0691d3e96909fa98fd99730be103b36b5265e18559a2f773e&,8,26,11,13,13,16,3,0,9,6,6,B,None,None,None,None,None,None,None,70,25,40,40,50,15,5,35,1,"Blade Dance, Locktouch, Canto+ (Promotion)",,Wind Dancer,5,2,2,2,2,2,5,2,2,None,None,None,None,None,None,None,None,,,,,,,,,,,,,,,,,,,,,,,,,,,,,,,,,,,,,,,,Blade Dance,Refresh an allied unit and this unit. Once per turn.,Locktouch,Can open locks without using keys.,Canto+,Can use leftover move after attacking and other actions.,,
Tower,War Monk,https://cdn.discordapp.com/attachments/1283421999879950376/1283973312707559464/Tower_trim.png?ex=66e4f0d4&is=66e39f54&hm=f5a50ee8ee8283f5a0f1268c90c97521d24d5edf6f1d7f4d7bd2bdf3f7cbebc0&,10,32,14,9,10,9,9,9,10,14,6,None,None,A,None,A,None,None,None,200,50,35,40,35,45,45,40,0,Hex,,High Monk,10,10,6,3,3,6,6,0,1,None,None,None,None,None,None,None,A,,,,,,,,,,,,,,,,,,,,,,,,,,,,,,,,,,,,,,,,Hex,Adjacent enemies cannot dodge attacks.,,,,,,
Pomelo,Pirate,https://cdn.discordapp.com/attachments/1283421999879950376/1283973267622989944/Pomelo_trim.png?ex=66e4f0ca&is=66e39f4a&hm=0ad857ac838f7551523e9a791b25ea98f445ce3701390ccdbfd23c7c1db442eb&,1,30,11,0,8,8,5,0,8,10,5,None,None,C,None,None,None,None,None,105,55,5,35,40,25,5,40,0,Become Sail,"Powder Blast, Jolting John",Corsair,6,2,2,2,2,1,0,2,1,None,None,60,None,None,None,None,None,,,,,,,,,,,,,Powder Blast,AoE -33% HP in 3 tiles of target. No x2. Auto-repair.,Bow,4,7,90,8,0,3-May,Jolting John,Hits Res. 3x Mt vs boats. No x2. Auto-repair.,Bow,4,10,110,10,45,3-May,,,,,,,,,,Become Sail,"This unit can board it for increased move, defence and siege weapons, but less melee damage.",,,,,,
Lindros,Mage,https://cdn.discordapp.com/attachments/1283421999879950376/1283973194994290740/Lindros_trim.png?ex=66e4f0b8&is=66e39f38&hm=4347a517d42abb04c278a769a7740ab7e424afd00900cb85e8914c0c797d4dba&,1,23,0,13,13,7,2,9,7,4,5,None,None,None,None,None,D+30,None,None,70,5,65,65,35,10,45,35,0,Lunge,Guidance,Sage,3,0,2,2,2,2,2,2,1,None,None,None,None,C,60,None,None,,,,,,,,,,,,,Guidance,No dmg. Second action after use. Auto-repair.,Anima,3,0,100,0,0,3-Oct,,,,,,,,,,,,,,,,,,,Lunge,Swap places with the opponent after combat. Does not work if move is --.,,,,,,
Raylin,Sword Pegasus,https://cdn.discordapp.com/attachments/1283421999879950376/1283973268147273861/Raylin_trim.png?ex=66e4f0ca&is=66e39f4a&hm=88a51230395b1ebaf1d7f8245f167ad2dbf05f87eb2397798feb811349f5237d&,1,23,7,8,7,13,3,7,8,7,7,D,None,None,None,None,None,None,None,70,35,40,35,65,15,35,40,0,"Swap, Amaterasu, Canto+",,Falcon Knight,3,3,2,1,2,1,3,2,1,60,None,None,None,None,None,None,None,,,,,,,,,,,,,,,,,,,,,,,,,,,,,,,,,,,,,,,,Swap,Allows this unit to swap positions with an adjacent ally.,Amaterasu,Allies in 2 range recover 33% HP each turn.,Canto+,Can use leftover move after attacking and other actions.,,
Reiker,Lance Cavalier,https://cdn.discordapp.com/attachments/1283421999879950376/1283973268411252768/Reiker_trim.png?ex=66e4f0ca&is=66e39f4a&hm=cfba7da7a3ac390b945908216a473e29669a557ff0d2ad2379035ab3faf336fb&,1,31,6,1,12,9,0,0,12,8,7,None,D,None,None,None,None,None,None,110,30,10,60,45,5,5,60,0,"Full Force, Canto+",,Paladin,6,3,0,3,2,0,0,1,1,None,60,None,None,None,None,None,None,,,,,,,,,,,,,,,,,,,,,,,,,,,,,,,,,,,,,,,,Full Force,"When above 75% HP, double number of attacks.",Canto+,Can use leftover move after attacking and other actions.,,,,
Gecko,Villager,https://cdn.discordapp.com/attachments/1283421999879950376/1283973148387315723/Gecko_trim.png?ex=66e4f0ad&is=66e39f2d&hm=11b34153a7914eb03c0a6b699da0163ebf705a19b8069b9b90104d7a777465b1&,1,20,4,4,4,4,2,2,7,6,5,E,None,None,None,None,None,None,None,110,60,60,60,60,20,105,105,0,Galeforce,Frying Pan,Duelist,2,2,2,2,2,0,0,2,1,20,None,None,None,None,None,None,None,Dread Fighter,3,2,2,2,2,2,0,1,1,40,,Frying Pan,Reduce chance of being targeted. +4 Spd/Def. Auto-repair.,Sword,6,8,100,6,50,1,,,,,,,,,,,,,,,,,,,Galeforce,Get a second action upon defeating any enemy.,,,,,,
Mince,Enforcer,https://cdn.discordapp.com/attachments/1283421999879950376/1283973266264031414/Mince_trim.png?ex=66e4f0c9&is=66e39f49&hm=a344bf53537e81513990d2e139b73f8de421258765a04747f333be8708c56a1a&,1,30,10,10,10,7,10,0,10,10,5,None,None,D+30,D+30,None,None,None,None,105,50,50,50,35,50,5,50,0,"Swarp, Canto+",,Guardian,3,3,0,3,3,3,0,3,1,None,None,60,60,None,None,None,None,,,,,,,,,,,,,,,,,,,,,,,,,,,,,,,,,,,,,,,,Swarp,Allows this unit to swap spots with an ally in Mag/2 range.,Canto+,Can use leftover move after attacking and other actions.,,,,
Yvette,Archer,https://cdn.discordapp.com/attachments/1283421999879950376/1283973339605504102/Yvette_trim.png?ex=66e4f0db&is=66e39f5b&hm=5620ebf731c990607dc5286f353bdc217522c28174362a296b10868a2d88aa76&,3,35,13,0,9,8,5,0,11,10,5,None,None,None,C,None,None,None,None,125,60,5,40,35,20,5,50,0,Quick Rain,Crocodile ,Sniper,4,3,0,2,3,2,0,2,1,None,None,None,60,None,None,None,None,,,,,,,,,,,,,Crocodile,"On kill, act again, full heal, -3 move for 1 turn. Auto-repair. Brave.",Bow,6,0,95,20,0,1-Feb,,,,,,,,,,,,,,,,,,,Quick Rain,Unit can guarantee a double and set hit rate to 70.,,,,,,
Telon,Freelancer,https://cdn.discordapp.com/attachments/1283421999879950376/1283973311986008064/Telon_trim.png?ex=66e4f0d4&is=66e39f54&hm=63e48c7a0361099bba1c14ed779a512223f4a6582037b92819d25e17ec185c10&,3,26,9,0,13,12,6,0,10,7,5,None,D+30,None,None,None,None,None,None,75,40,5,60,55,25,5,45,0,Inner Power,"""Fair Fight""",Champion,3,2,0,3,2,3,0,2,1,C,60,None,None,None,None,None,None,,,,,,,,,,,,,"""Fair Fight""",Target Dmg -10 for 1 turn. No x2/crit. Second action after use. Auto-repair.,Lance,4,6,110,4,0,2-Mar,,,,,,,,,,,,,,,,,,,Inner Power,Activate to gain +50 hit/crit for 3 turns and fully heal.,,,,,,
Vermillion,Chicken,https://cdn.discordapp.com/attachments/1283421999879950376/1283973313349156936/Vermillion_trim.png?ex=66e4f0d4&is=66e39f54&hm=5f1af36200cdc9257b97f197c30656912e7059d0e7e6739401a4082d7400b2fb&,1,11,0,0,10,15,0,0,15,4,10,None,None,None,None,None,None,None,None,5,40,5,50,75,5,5,50,0,"Poison Strike, Locktouch, Canto+, Miracle (Promotion)","Feather Fury, Astral Strike",Fledgling,3,2,0,0,0,0,0,0,0,None,None,None,None,None,None,None,None,Ariser,3,2,0,0,0,0,0,0,0,,,Feather Fury,Can't counter/be countered. Ranged attacks do 0 damage.,Monster,255,8,110,0,0,1,Astral Strike,Strikes five times. ,Monster,255,8,110,0,20,1,,,,,,,,,,Poison Strike,Deals damage equal to 33% of the enemy's current HP after a battle this unit initiates.,Locktouch,Can open locks without using keys.,Canto+,Can use leftover move after attacking and other actions.,Miracle,Survive a lethal attack if HP > 1. HP is reduced to 1.
Chalice,Shaman,https://cdn.discordapp.com/attachments/1283421999879950376/1283973146734624881/Chalice_trim.png?ex=66e4f0ad&is=66e39f2d&hm=dbb914edc8f854910992f813bac707a6277d922c9a995f9216666f83cdcf6b56&,3,28,0,13,3,7,10,2,13,7,5,None,None,None,None,C,None,None,None,85,0,60,15,30,45,10,55,0,Malediction,Harm,Druid,2,0,2,2,3,3,0,2,1,None,None,None,None,60,None,None,C,,,,,,,,,,,,,Harm,Magic +10. Auto-repair.,Staff (Weapon),5,0,120,7,0,13,,,,,,,,,,,,,,,,,,,Malediction,Enemies in 3 range have halved defence/resistance.,,,,,,
Oren,Halberdier,https://cdn.discordapp.com/attachments/1283421999879950376/1283973267102634056/Oren_trim.png?ex=66e4f0c9&is=66e39f49&hm=c9894d2c8e51f0c92316777bf3f5d019a8fa8e72ba0d6f63b7d40f2bb62ff6ef&,15,39,19,0,21,15,17,0,20,11,6,None,A,A,None,None,None,None,None,80,50,5,60,35,40,5,60,1,"Shatter, Got Your Back",Oren Special,,,,,,,,,,,,,,,,,,,,,,,,,,,,,,,Oren Special,Def/Res +8. +8 Hit per tiled moved. Auto-repair.,Lance,5,16,48,16,1,1,,,,,,,,,,,,,,,,,,,Shatter,Add 4x difference in weapon weight to damage/crit.,Got Your Back,"If  this unit drops, rescues or is rescuing, get an extra action.",,,,
Nerysa,Scholar,https://cdn.discordapp.com/attachments/1283421999879950376/1283973266716889148/Nerysa_trim.png?ex=66e4f0c9&is=66e39f49&hm=9287254a6edcec796b46aa63f8f14b9d69693a6d9c54013132fd8981f28b354c&,10,29,0,6,12,12,9,9,10,7,5,None,None,None,None,S,S,S,S,65,5,20,40,40,30,30,35,1,Powerstaff,,Warmancer,4,0,2,2,2,3,3,3,1,None,None,None,None,60,60,60,60,,,,,,,,,,,,,,,,,,,,,,,,,,,,,,,,,,,,,,,,Powerstaff,Get a second action after taking the staff action.,,,,,,
Dune,Lance Pegasus,https://cdn.discordapp.com/attachments/1283421999879950376/1283973147292602490/Dune_trim.png?ex=66e4f0ad&is=66e39f2d&hm=38931bdebe1d853e237f47b647765c3433be0829fbaee5be84b34c81bc8a6b64&,10,31,10,0,12,17,7,6,10,8,7,None,B,None,None,None,None,None,None,75,35,25,40,55,25,25,35,1,"Double Time, Canto+",Siphon Spear,Seraph Knight,4,0,2,1,2,2,2,2,1,None,60,None,None,None,None,None,None,,,,,,,,,,,,,Siphon Spear,Spd +5. Drains HP. Uses Mag. Auto-repair. ,Lance,6,11,120,5,0,1-Feb,,,,,,,,,,,,,,,,,,,Double Time,Sacrifice 12 HP to move again.,Canto+,Can use leftover move after attacking and other actions.,,,,
Murky,Trobairitiz,https://cdn.discordapp.com/attachments/1283421999879950376/1283973266473488394/Murky_trim.png?ex=66e4f0c9&is=66e39f49&hm=5639bdc1c56fbfd711bbbb11b7393b87a30031a2e681d6ca462bd2a18636fdba&,6,25,0,8,11,12,4,12,12,4,7,None,None,None,None,C,None,None,None,65,5,30,40,50,15,45,60,0,"Execute, Locktouch, Canto+",Dissect,Valkyrie,4,0,1,1,3,1,3,2,1,None,None,None,None,60,None,D,None,,,,,,,,,,,,,Dissect,Targets Def. Auto-repair. No x2. Boost Exp. Gain 2 turns +10 Mag (but not Dmg).,Staff (Weapon),3,20,100,2,0,1,,,,,,,,,,,,,,,,,,,Execute,"When foe is not at full HP, this unit is guaranteed criticals.",Locktouch,Can open locks without using keys.,Canto+,Can use leftover move after attacking and other actions.,,
Krynia,Recruit,https://cdn.discordapp.com/attachments/1283421999879950376/1283973194436317255/Krynia_trim.png?ex=66e4f0b8&is=66e39f38&hm=c24ec26c5df866e7b9d1bdeb1ab027a5fb26f97e20fab435f10271b0c18eec6b&,4,22,5,0,5,8,4,0,9,7,5,None,D,None,None,None,None,None,None,130,105,5,105,35,50,20,35,0,Tenacious ,Shadowflame,Spearmaiden,3,2,0,2,1,1,0,1,1,None,60,None,None,None,None,None,None,Commander,3,2,0,2,2,3,0,1,1,,60,Shadowflame,Def/Res +10. Ignores Def. No x2.,Monster,4,15,100,0,0,1-Mar,,,,,,,,,,,,,,,,,,,Tenacious ,"When defending, reduce damage taken by 25%. When initiating, add 25% of foe's max HP to attack.",,,,,,
Rohesia,Sword Saint,https://cdn.discordapp.com/attachments/1283421999879950376/1283973311176638486/Rohesia_trim.png?ex=66e4f0d4&is=66e39f54&hm=47467a66fd702c991b4e9e4005a88481789fdc551bff04eee74fc821540dc290&,14,29,9,2,22,22,9,0,12,8,7,S,None,None,None,None,None,None,None,80,80,40,160,160,80,10,120,0,Decapitate ,,,,,,,,,,,,,,,,,,,,,,,,,,,,,,,,,,,,,,,,,,,,,,,,,,,,,,,,,,,Decapitate ,Guarantees a critical on initiation.,,,,,,
Marlow,Mage Rider,https://cdn.discordapp.com/attachments/1283421999879950376/1283973195220647949/Marlow_trim.png?ex=66e4f0b8&is=66e39f38&hm=d34eed0c6b46df916a959db3d1a5bc539e065302b88c332c19f8c98eb6824156&,5,32,0,9,9,10,6,3,10,5,7,None,None,None,None,None,C,None,None,105,0,40,40,45,25,15,35,0,"Wild Surge, Wild Drain, Canto+",,Mage Knight,4,0,2,1,2,2,2,2,1,None,None,None,None,None,60,None,None,,,,,,,,,,,,,,,,,,,,,,,,,,,,,,,,,,,,,,,,Wild Surge,"After this unit attacks, all non-boss enemies within 2 tiles receive a random negative status.",Wild Drain,Enemies within 2 tiles with a status effect lose 20 hit and gives life drain to the attacker.,Canto+,Can use leftover move after attacking and other actions.,,
Whipjack,Thug,https://cdn.discordapp.com/attachments/1283421999879950376/1283973314024570972/Whipjack_trim.png?ex=66e4f0d5&is=66e39f55&hm=b7088627f5e4e4bc17c86439d6f17a84b06e2ca1d40dc858548a7281b81d6957&,5,32,14,0,12,8,6,0,9,10,5,C,None,None,None,None,None,None,None,90,60,5,50,35,25,5,35,0,Body Slam,Corpsedrinker,Renegade,5,2,0,2,3,1,0,2,1,60,None,None,None,None,None,None,None,,,,,,,,,,,,,Corpsedrinker,Def/Res -7. Drains HP. Auto-repair.,Sword,5,14,110,9,65,1,,,,,,,,,,,,,,,,,,,Body Slam,Add 25% of current HP to damage.,,,,,,
Francisca,Axe Wyvern,https://cdn.discordapp.com/attachments/1283421999879950376/1283973148198568016/Francisca_trim.png?ex=66e4f0ad&is=66e39f2d&hm=d3b1ba047a360efbc1d4128d561c6b4cfef01768155f26ec41ca9d0a9d7a24a9&,5,31,12,0,12,8,7,0,9,9,7,None,None,C,None,None,None,None,None,95,50,5,50,35,30,5,40,0,"Smite, Collision, Canto+",Francisca,Wyvern Lord,3,3,0,1,3,2,0,2,1,None,None,60,None,None,None,None,None,,,,,,,,,,,,,Francisca,Ignore Defence. Auto-repair.,Axe,4,14,95,14,0,1-Feb,,,,,,,,,,,,,,,,,,,Smite,Allows this unit to push another unit two tiles away.,Collision,"After moving 5+ tiles, +10 def/res and apply weaken on hit.",Canto+,Can use leftover move after attacking and other actions.,,
Acielle,Mystic,https://cdn.discordapp.com/attachments/1283421999879950376/1283973097392701572/Acielle_trim.png?ex=66e4f0a1&is=66e39f21&hm=fce7cf1cd7cd3a9206982210df50755d06ea96f8ad6d2e19af3635d6cbac5e17&,3,26,0,8,11,10,2,14,11,3,5,None,None,None,None,None,None,C,None,75,5,35,50,45,10,60,50,0,Logmancy,,Oracle,4,0,2,2,3,1,2,2,1,None,None,None,None,None,None,60,None,,,,,,,,,,,,,,,,,,,,,,,,,,,,,,,,,,,,,,,,Logmancy,"Summons a log that buffs its this unit's speed. On death, This unit gets -1 move this chapter.",,,,,,
Qiulan,Bard,https://cdn.discordapp.com/attachments/1283421999879950376/1283973267937427476/Qiulan_trim.png?ex=66e4f0ca&is=66e39f4a&hm=b003be0374f9c4c1c6f52880c7c8ecc316a5ac6384f46032d9dbd0adf7c0f512&,1,24,0,5,10,10,7,7,10,3,6,None,None,None,None,None,None,S,None,50,5,50,50,50,50,50,50,0,"War Ballad, Breath of Life, Condemnation (Promotion)","Impending Doom, On Swift Wings, Unyielding Spirit",Battle Bard,1,0,1,1,1,1,1,0,0,None,None,None,None,None,None,None,None,,,,,,,,,,,,,Impending Doom,War Ballad Bonus: Adjacent allies +10 Dmg for 1 turn. No x2.,Light,255,0,120,0,0,3-May,On Swift Wings,War Ballad Bonus: Adjacent allies +5 Speed for 1 turn. No x2.  ,Light,255,0,120,0,0,3-May,Unyielding Spirit,War Ballad Bonus: Adjacent allies +5 Def/Res for 1 turn. No x2.,Light,255,0,120,0,0,3-May,War Ballad,"Adjacent ally +5 dmg/50 hit. After two attacks, the next Prf attack buffs adjacent allies and refreshes self.",Breath of Life,"Breath of Life: After attacking, allies in 3 tiles heal 33% max HP.",Condemnation,Target stats are reduced by 6 for 1 turn after battle.,,
Guard,Super Soldier,https://cdn.discordapp.com/attachments/1283421999879950376/1283973148848427133/Guard_trim.png?ex=66e4f0ad&is=66e39f2d&hm=d16c832f45b3d0530fd3c88c481e70ab1ee6e21889b3e7aaa8dae9e93c4005c5&,25,60,30,5,30,30,10,5,15,9,10,None,S,None,None,None,None,None,None,150,150,150,150,150,150,150,150,1,"Crit Boost, Miracle",,,,,,,,,,,,,,,,,,,,,,,,,,,,,,,,,,,,,,,,,,,,,,,,,,,,,,,,,,,Crit Boost,Critical rate +30.,Miracle,Survive a lethal attack if HP > 1. HP is reduced to 1.,,,,
Tasel,Wagon,https://cdn.discordapp.com/attachments/1283421999879950376/1283973311738413098/Tasel_trim.png?ex=66e4f0d4&is=66e39f54&hm=5543a44b26ce2b8f32966df8d3e47adf29c3a58ee03e834fbe889264afd89a06&,12,40,14,14,19,13,11,0,16,11,7,None,None,None,S,B,None,None,None,90,40,35,55,35,40,5,50,0,"Synthesise, Supply, Canto+","Barrier Bottle, Temper Tonic, Freeze Flask",,,,,,,,,,,,,,,,,,,,,,,,,,,,,,,Barrier Bottle,"Gives ally +7 Res, reducing by 1 each turn. ",Item,5,--,--,--,--,1-Mar,Temper Tonic,Berserks for 1 turn. No damage.,Item,3,0,100,0,0,1-Mar,Freeze Flask,Freeze for 1 turn. No damage. ,Item,3,0,100,0,0,1-Mar,Synthesise,Synthesize: Produce different potions which can be used by only Tasel. Cannot canto+ after this action.,Supply,This unit has access to the convoy.,Canto+,Can use leftover move after attacking and other actions.,,
Iosaf,Cyclops,https://cdn.discordapp.com/attachments/1283421999879950376/1283973193484337283/Iosaf_trim.png?ex=66e4f0b8&is=66e39f38&hm=6ac6d877d64b7898b74c606fd5be5aef9868f3bb2b82282e452daacdedd03218&,4,40,8,5,6,13,3,0,12,14,5,None,None,D+30,None,None,None,None,None,135,35,60,25,55,15,5,60,0,"Assassinate, Waylay",Rock Stock,Big Cyclops,8,2,2,2,2,0,0,0,1,None,None,60,C,None,None,None,None,,,,,,,,,,,,,Rock Stock,Auto-repair. Second action after use.,Monster,3,13,80,30,0,3-Jul,,,,,,,,,,,,,,,,,,,Assassinate,"When attacking at 1 range, double before counter.",Waylay,Attack +6 when attacking from terrain.,,,,
Chixin,Sword Spirit,https://cdn.discordapp.com/attachments/1283421999879950376/1283973147087077521/Chixin_trim.png?ex=66e4f0ad&is=66e39f2d&hm=aa1fc923158556b18bcfacd446258ded6ffb3843ed8324a494419477512251ab&,7,23,13,0,13,9,10,7,10,6,5,None,None,None,None,None,None,None,None,55,60,5,60,35,40,25,40,0,Devour,"Iron Wave, Whirlwind, Thunderclap",Trueblade,3,3,0,3,1,2,2,0,1,None,None,None,None,None,None,None,None,,,,,,,,,,,,,Iron Wave,Def/Res +4.,Monster,255,4,80,0,0,1-Feb,Thunderclap,Hits Res. Def/Res -4.,Monster,255,17,100,0,0,1,Whirlwind,Canto+.,Monster,255,10,90,0,0,1,Devour,"On a kill, gain 1 turn of  +5 def/res and +1 move for the entire chapter, up to +10 move.",,,,,,
Thyme,Spellthief,https://cdn.discordapp.com/attachments/1283421999879950376/1283973312392724501/Thyme_trim.png?ex=66e4f0d4&is=66e39f54&hm=f6df2a740e10da2c3745a30c8d188084c1246624b50b198c51f64fa908f1dc80&,9,29,0,8,11,17,3,11,11,4,6,None,None,None,None,None,C,None,None,70,5,30,40,60,10,40,40,1,"Spellsteal, Locktouch",Pacify,Crimecaster,3,0,2,2,2,2,2,2,1,None,None,None,None,C,60,None,None,,,,,,,,,,,,,Pacify,Luck +50. Auto-repair.,Anima,7,2,50,5,50,1-Feb,,,,,,,,,,,,,,,,,,,Spellsteal,"When fighting magic units, add their magic x3 to damage.",Locktouch,Can open locks without using keys.,,,,
Basil,Seeker,https://cdn.discordapp.com/attachments/1283421999879950376/1283973100488097852/Basil_trim.png?ex=66e4f0a2&is=66e39f22&hm=afcbc199e42926b872acae9b8e3f0ffccf315909f06b903d7468d213c59e6e32&,9,33,10,7,17,10,10,6,13,6,5,None,None,None,None,None,None,None,B,85,50,25,60,35,35,20,45,0,"Dark Might, Canto+ (Promotion)",,Inquisitor ,4,1,2,1,2,2,2,2,3,None,None,None,None,None,None,None,60,,,,,,,,,,,,,,,,,,,,,,,,,,,,,,,,,,,,,,,,Dark Might,Adds strength to damage while fighting at 1 range.,Canto+,Can use leftover move after attacking and other actions.,,,,
Wisp,Assassin,https://cdn.discordapp.com/attachments/1283421999879950376/1283973314460647424/Wisp_trim.png?ex=66e4f0d5&is=66e39f55&hm=e0dfc9d761bf65779d7eaa96de9c0e80404db929341e1ac376d6325482963ab8&,12,29,18,6,22,22,6,3,11,8,7,A,None,None,None,None,None,None,None,55,50,10,60,60,15,10,35,0,Projection,Spiritslayer,,,,,,,,,,,,,,,,,,,,,,,,,,,,,,,Spiritslayer,Survive a lethal attack if HP > 1. Can't miss. Auto-repair.,Sword,6,10,255,0,0,1-Feb,,,,,,,,,,,,,,,,,,,Projection,"Can shift to ghost form, gaining increased move and ingore all terrain, but deal no damage.",,,,,,
Foxberry,Wanderer ,https://cdn.discordapp.com/attachments/1283421999879950376/1283973147980206165/Foxberry_trim.png?ex=66e4f0ad&is=66e39f2d&hm=c927339e6e0f0d32d8a20426dc5ffe641ffdca96e0cd37694412469476456bd7&,10,28,9,1,17,17,13,0,10,8,6,None,None,C,None,None,None,None,None,65,30,25,105,105,45,10,35,0,Surprise Attack,Chain Hook,Wayfarer,4,3,3,1,1,3,0,2,1,None,None,60,None,None,None,None,None,,,,,,,,,,,,,Chain Hook,Pull an ally next to the user. Auto-repair. Second action after use.,Staff,4,--,--,--,--,1-Mar,,,,,,,,,,,,,,,,,,,Surprise Attack,"If an ally is also next to the unit's target, double this unit's Atk and Hit.",,,,,,
John XVI,Civilian,https://cdn.discordapp.com/attachments/1283421999879950376/1283973193979396189/John_XVI_trim.png?ex=66e4f0b8&is=66e39f38&hm=a35bcea759729877208807622fe1f0dae1ce4af2397c79969b7b38c12bc716e8&,13,59,18,0,13,18,0,0,13,8,6,None,None,None,None,None,None,None,None,130,50,5,35,50,5,5,40,0,"Mutate, Adrenaline",,Civilian,6,3,0,3,3,0,0,2,1,None,None,None,None,None,None,None,None,,,,,,,,,,,,,,,,,,,,,,,,,,,,,,,,,,,,,,,,Mutate,"As an action, learn two random skills. These Skills are reset at the end of each chapter.",Adrenaline,Heal to full HP if within 5 tiles of an enemy at the start of turn.,,,,
Lilac,Summoner,https://cdn.discordapp.com/attachments/1283421999879950376/1283973194750885938/Lilac_trim.png?ex=66e4f0b8&is=66e39f38&hm=1be09ff2af61210db9f7729604bc79944250cf585e80234c8b1c1c24982117aa&,13,53,18,5,18,19,5,12,13,7,6,None,None,None,None,None,None,None,B,125,50,10,50,50,10,30,40,0,"Summon Self, Infantry March",,,,,,,,,,,,,,,,,,,,,,,,,,,,,,,,,,,,,,,,,,,,,,,,,,,,,,,,,,,Summon Self,"Summons a spectre of Lilac with lunge, pass, swarp and ignore terrain. Permanently lost on death.",Infantry March,"At start of turn, if unit is adjacent to an infantry ally, unit and adjacent infantry allies gain +2 Mov.",,,,
Ivadne,Runeplate,https://cdn.discordapp.com/attachments/1283421999879950376/1283973193765228605/Ivadne_trim.png?ex=66e4f0b8&is=66e39f38&hm=870533072b1b2087259971d7dc5384dbab3102cfb673a640f150e76303870696&,14,46,0,21,18,12,21,0,17,13,6,None,None,None,None,None,A,None,None,105,5,55,45,30,55,5,50,0,"Amplify, Canto+",Hailstrike,,,,,,,,,,,,,,,,,,,,,,,,,,,,,,,Hailstrike,Hits Def. Can't double/be doubled. Auto-repair.,Anima,5,6,111,50,0,1-Apr,,,,,,,,,,,,,,,,,,,Amplify,"If attacking without moving, guaranteed critical.",Canto+,Can use leftover move after attacking and other actions.,,,,
Xeo,Muse,https://cdn.discordapp.com/attachments/1283421999879950376/1283973339194593335/Xeo_trim.png?ex=66e4f0db&is=66e39f5b&hm=a9433720d757a3148290cf39a734d567f6a64a33cb6de71fcb8b525eddbf26f4&,10,35,0,11,15,14,11,6,12,5,6,None,None,None,None,None,None,None,B,110,5,110,45,40,30,15,40,0,Crescendo,"Prolonged Pain, Inevitable Fate, Futile Struggle",,,,,,,,,,,,,,,,,,,,,,,,,,,,,,,Futile Struggle,Foe -33% current HP after. No x2. Crescendo bonus: +5 Spd this turn.,Dark,255,0,80,0,0,3-May,Inevitable Fate,Gain +2 Dmg every turn. No x2. Crescendo bonus: +10 dmg this turn.,Dark,255,0,110,0,0,3-May,Prolonged Pain,Drain HP. Lost HP/2 to Dmg. Crescendo bonus: +5 Def/Res this turn.,Dark,255,0,95,0,0,3-May,Crescendo,"After two attacks, the next Prf attack grants an extra action and a positive status effect for 1 turn.",,,,,,
Hagendire,Trickster,https://cdn.discordapp.com/attachments/1283421999879950376/1283973193031487570/Hagendire_trim.png?ex=66e4f0b8&is=66e39f38&hm=3da8ff105df2632f1b290e93b9ebe5a3786503de11a410358c4f3cff8e48a60d&,12,35,14,14,19,24,5,0,11,8,6,B,None,None,B,B,None,None,None,70,40,40,55,70,10,5,35,1,"Versatile, Locktouch, Provoke",,,,,,,,,,,,,,,,,,,,,,,,,,,,,,,,,,,,,,,,,,,,,,,,,,,,,,,,,,,Versatile,"Staff healing also heals self. Using swords, add Mag/2 to def/res. Using bows, add Magx2 to critical.",Locktouch,Can open locks without using keys.,Provoke,Enemies are more likely to target this unit.,,
Unari,Hero,https://cdn.discordapp.com/attachments/1283421999879950376/1283973312963280959/Unari_trim.png?ex=66e4f0d4&is=66e39f54&hm=c55208605a1426b67d9dc5ea2a64b72bd374702aee74eec440f0545a76ee5367&,16,44,16,0,20,16,15,0,16,10,6,A,None,A,None,None,None,None,None,90,40,5,50,40,35,5,45,2,Will to Live,Rapid Injector,,,,,,,,,,,,,,,,,,,,,,,,,,,,,,,Rapid Injector,Heals target for 20. Auto-repair. Second action after use.,Staff,5,--,--,--,--,1,,,,,,,,,,,,,,,,,,,Will to Live,Adjacent enemies have their attack speed reduced to 0.,,,,,,
Caloogo,Mogall Jockey,https://cdn.discordapp.com/attachments/1283421999879950376/1283973100995870751/Caloogo_trim.png?ex=66e4f0a2&is=66e39f22&hm=0f9b5c29709a95cb86282e188377f234a4b1b3652ada7070dd1123e607e9f327&,17,41,22,9,20,16,7,13,13,9,8,None,None,None,A,None,None,B,None,80,55,25,50,40,15,30,35,0,"Clean Shot, Pass, Canto+",,,,,,,,,,,,,,,,,,,,,,,,,,,,,,,,,,,,,,,,,,,,,,,,,,,,,,,,,,,Clean Shot,Damage +15 if there's no other foes in 3 range of target.,Pass,Can move through enemy units.,Canto+,Can use leftover move after attacking and other actions.,,
Zububai,Skinshaper,https://cdn.discordapp.com/attachments/1283421999879950376/1283973339878260878/Zububai_trim.png?ex=66e4f0db&is=66e39f5b&hm=51510310391203224c0733d8b8e713c0c1daf8200f05253f3ee5e2a2a06ea34b&,20,55,23,14,23,14,14,0,23,12,7,S,S,S,S,S,S,S,E,110,50,30,50,30,30,5,50,0,"Insight, Armsmaster",,,,,,,,,,,,,,,,,,,,,,,,,,,,,,,,,,,,,,,,,,,,,,,,,,,,,,,,,,,Insight,"When less than 5 damage taken, +33% to Str/Skl/Spd.",Armsmaster,"As a free action, choose a weapon type and gain +66 hit/avoid against that weapon type this turn. ",,,,
Sorbet,Lich/Behemoth ,https://cdn.discordapp.com/attachments/1283421999879950376/1283973311436554363/Sorbet_trim.png?ex=66e4f0d4&is=66e39f54&hm=c5becf5ed6aa0768e49d199cb9924e6a7b04fa0d4b343a8c299b5dec2935bf0b&,19,80,25,21,19,16,0,0,16,10,6,None,None,None,None,S,None,S,None,190,65,55,50,40,5,5,40,0,Alter Ego,,,,,,,,,,,,,,,,,,,,,,,,,,,,,,,,,,,,,,,,,,,,,,,,,,,,,,,,,,,Alter Ego,"This unit swaps between two forms. If one form falls, it revives next chapter, the other takes over.",,,,,,
Aigo,Gold Knight,https://cdn.discordapp.com/attachments/1283421999879950376/1283973098202333194/Aigo_trim.png?ex=66e4f0a1&is=66e39f21&hm=a2cc33633eaf91dcd766e82b1b6c6049a79e51b71e5ccca37b047bb8a0caa517&,14,45,17,22,18,13,16,0,10,11,8,A,A,A,None,None,None,None,None,95,45,60,50,30,40,5,40,0,"Weak Link, Canto+",,,,,,,,,,,,,,,,,,,,,,,,,,,,,,,,,,,,,,,,,,,,,,,,,,,,,,,,,,,Weak Link,Allies in 2 tiles add target's  missing HP to damage.,Canto+,Can use leftover move after attacking and other actions.,,,,
Maurice,Executioner ,https://cdn.discordapp.com/attachments/1283421999879950376/1283973266049990757/Maurice_trim.png?ex=66e4f0c9&is=66e39f49&hm=90a86226f9a54688925d164405fbf5492b7f6582f0464aec93c94ca65677c765&,20,48,18,16,20,24,10,16,14,8,6,S,None,None,None,None,B,None,None,90,40,35,45,55,20,35,1,1,Blade Beam,,,,,,,,,,,,,,,,,,,,,,,,,,,,,,,,,,,,,,,,,,,,,,,,,,,,,,,,,,,Blade Beam,Maximum range of swords is increased by 3.,,,,,,
Joyful Jo,Doom Chicken,https://cdn.discordapp.com/attachments/1283421999879950376/1283973194235252827/Joyful_Jo_trim.png?ex=66e4f0b8&is=66e39f38&hm=a3953b125e68a0fdeae63c7413d903972e394efc51240616ef9b48fd3eafe979&,15,30,21,0,17,14,0,9,15,6,10,None,None,None,None,None,None,None,None,120,55,5,45,35,105,25,5,0,"Dragon Form, Canto+",,,,,,,,,,,,,,,,,,,,,,,,,,,,,,,,,,,,,,,,,,,,,,,,,,,,,,,,,,,Dragon Form,"Can transform into a  dragon, losing canto+ but gaining 20 Def and use of breath weapons.",Canto+,Can use leftover move after attacking and other actions.,,,,
Empress,Sovereign,https://cdn.discordapp.com/attachments/1283421999879950376/1283973147800109152/Empress_trim.png?ex=66e4f0ad&is=66e39f2d&hm=a476527cf086a37b73f15d678a9963d3d67fcd357a99f95dcd66b36a40bbb299&,22,25,20,0,20,30,0,0,30,6,10,None,None,None,None,None,None,None,None,175,140,5,140,175,60,60,175,0,"Afterimage, Canto+",,,,,,,,,,,,,,,,,,,,,,,,,,,,,,,,,,,,,,,,,,,,,,,,,,,,,,,,,,,Afterimage,"Summons a 4 move unit that fades after action, refreshing this unit for -4 move. Move restored per turn. ",Canto+,Can use leftover move after attacking and other actions.,,,,
Helisent,Tactician ,https://cdn.discordapp.com/attachments/1283421999879950376/1283973193253654580/Helisent_trim.png?ex=66e4f0b8&is=66e39f38&hm=03c30c1efaf88e8713371a55b2847c090d83ba89c18010a18584ed0f821c056e&,10,34,0,0,17,17,12,0,14,4,5,None,None,None,None,None,None,None,None,75,5,5,50,50,35,5,50,4,"Fast Talker, Banger Advice, Rally Spectrum, Tide Skills",,,,,,,,,,,,,,,,,,,,,,,,,,,,,,,,,,,,,,,,,,,,,,,,,,,,,,,,,,,Fast Talker,This unit can take two actions every turn. ,Banger Advice,Refresh an ally unit and gives them +2 Str/Mag/Def until the next turn. Once per turn.,Rally Spectrum,Activate for +2 all stats for allies in 2 tiles for one turn.,Tide Skills,"+4 attack, defence, resistance, speed and +20 hit and avoid to adjacent allies."
Gil Goldfist,Lord,https://cdn.discordapp.com/attachments/1283421999879950376/1283973148584181854/Gil_Goldfist_trim.png?ex=66e4f0ad&is=66e39f2d&hm=177084c5b9ab15cbe9f0aefe594496d5a0cca3e979a426805e2b7ebfa24668be&,1,18,5,0,6,7,7,0,7,6,5,D,None,None,None,None,None,None,None,90,50,5,40,50,20,3,70,0,Certain Blow,"Iron Wave, Whirlwind, Thunderclap",Master Lord,8,8,0,8,8,8,0,0,8,None,None,None,None,None,None,None,None,,,,,,,,,,,,,Iron Wave,Def/Res +4.,Monster,255,4,80,0,0,1-Feb,Thunderclap,Hits Res. Def/Res -4.,Monster,255,17,100,0,0,1,Whirlwind,Canto+.,Monster,255,10,90,0,0,1,Certain Blow,Hit +10 when initiating battle.,,,,,,
Avatar1,Sword Wight,https://cdn.discordapp.com/attachments/1283421999879950376/1283973098776825926/Avatar1_trim.png?ex=66e4f0a1&is=66e39f21&hm=faab09cfeee42b731551f6e4cf4a828897952fabd7298263688fdd4896840bfa&,7,30,13,0,8,9,10,0,10,9,5,C,None,None,None,None,None,None,None,80,50,5,30,35,40,5,50,0,"Undying, Choice1, Choice2",,Ashen Wight,3,2,0,1,3,3,0,2,1,60,C,None,None,None,None,None,None,,,,,,,,,,,,,,,,,,,,,,,,,,,,,,,,,,,,,,,,Undying,Will revive if killed at the start of each chapter.,,,,,,
Avatar2,Bow Wight,https://cdn.discordapp.com/attachments/1283421999879950376/1283973099125211277/Avatar2_trim.png?ex=66e4f0a1&is=66e39f21&hm=ef6e5e8c8685a74fccddcb8d2d7717718d20a76d43259b86d321701065f0d23d&,7,28,12,0,12,9,6,0,10,8,5,None,None,None,C,None,None,None,None,75,50,5,50,35,25,5,50,0,"Bow Range +1, Choice1, Choice2",,Ashen Sniper,3,3,0,2,2,2,0,2,1,None,None,None,60,None,None,None,None,,,,,,,,,,,,,,,,,,,,,,,,,,,,,,,,,,,,,,,,Bow Range +1,Bow Range +1: Maximum range of equipped bows is increased.,,,,,,
Avatar3,Mogall,https://cdn.discordapp.com/attachments/1283421999879950376/1283973099435331684/Avatar3_trim.png?ex=66e4f0a1&is=66e39f21&hm=f21590c3b4f2dab7d34e4df1d8df0f7275efc88d2e52fa17b2c9c138d46ee7f5&,7,27,0,9,10,10,3,9,10,6,5,None,None,None,None,None,None,C,None,75,5,35,40,40,10,35,50,0,"Canto+, Choice1, Choice2",,Arch Mogall,3,0,2,2,2,2,2,2,1,None,None,None,None,None,None,60,None,,,,,,,,,,,,,,,,,,,,,,,,,,,,,,,,,,,,,,,,Canto+,Can use leftover move after attacking and other actions.,,,,,,
Avatar4,Gargoyle ,https://cdn.discordapp.com/attachments/1283421999879950376/1283973099875729490/Avatar4_trim.png?ex=66e4f0a2&is=66e39f22&hm=67ff9a8c0d9635660016c4641b5d360ba17ca1efce8766ca4d4796a5d31e92c0&,7,31,10,0,8,12,4,0,10,8,7,None,C,None,None,None,None,None,None,90,40,5,35,50,15,5,50,0,"Canto+, Choice1, Choice2",,Deathgoyle,4,4,0,1,2,2,0,2,1,None,60,None,None,None,None,None,None,,,,,,,,,,,,,,,,,,,,,,,,,,,,,,,,,,,,,,,,Canto+,Can use leftover move after attacking and other actions.,,,,,,
Avatar5,Tarvos,https://cdn.discordapp.com/attachments/1283421999879950376/1283973100194500660/Avatar5_trim.png?ex=66e4f0a2&is=66e39f22&hm=c6fcd2829b40e1d449f42d30f5c071b72b8c1a8ac94917bd0f397ca436bcafe3&,7,29,12,0,8,10,5,0,10,9,7,None,None,C,None,None,None,None,None,85,50,5,35,40,20,5,50,0,"Canto+, Choice1, Choice2",,Tarvos Elder,3,2,0,1,3,3,0,2,1,None,None,60,None,None,None,None,None,,,,,,,,,,,,,,,,,,,,,,,,,,,,,,,,,,,,,,,,Canto+,Can use leftover move after attacking and other actions.,,,,,,
Betrayer,Warrior,https://cdn.discordapp.com/attachments/1283421999879950376/1283973100777635901/Betrayer_trim.png?ex=66e4f0a2&is=66e39f22&hm=c532fcb505def81d2dff90073972b1a89e22b2a3e4ea6349528851b50639b43e&,17,53,21,19,17,15,11,9,13,12,6,None,None,A,A,None,None,None,None,100,70,60,50,40,20,10,30,0,Scheme,,,,,,,,,,,,,,,,,,,,,,,,,,,,,,,,,,,,,,,,,,,,,,,,,,,,,,,,,,,Scheme,Guaranteed hit and crit if are no allies within 5 tiles.,,,,,,
Justice,Log,,3,32,11,0,9,9,6,0,8,20,6,None,None,None,None,None,None,None,None,105,50,5,40,40,30,5,35,0,"Reposition, Assist, Canto+",,,,,,,,,,,,,,,,,,,,,,,,,,,,,,,,,,,,,,,,,,,,,,,,,,,,,,,,,,,Reposition,Allows this unit to pull an adjacent ally to its opposite side.,Assist,The summoner when in 3 range has guaranteed double.,Canto+,Can use leftover move after attacking and other actions.,,
Lilac II,Summoner,https://cdn.discordapp.com/attachments/1283421999879950376/1283973194750885938/Lilac_trim.png?ex=66e4f0b8&is=66e39f38&hm=1be09ff2af61210db9f7729604bc79944250cf585e80234c8b1c1c24982117aa&,13,53,0,5,18,19,5,12,13,7,6,None,None,None,None,None,None,None,B,125,5,10,50,50,10,30,40,0,"Lunge, Pass, Swarp",,,,,,,,,,,,,,,,,,,,,,,,,,,,,,,,,,,,,,,,,,,,,,,,,,,,,,,,,,,Lunge,Swap places with the opponent after combat. Does not work if move is --.,Pass,Can move through enemy units.,Swarp,Allows this unit to swap spots with an ally in Mag/2 range.,,
Afterimage,Sovereign,,22,1,21,0,21,0,0,0,0,0,4,None,None,None,None,None,None,None,None,0,100,0,100,0,0,0,0,0,,,,,,,,,,,,,,,,,,,,,,,,,,,,,,,,,,,,,,,,,,,,,,,,,,,,,,,,,,,,,,,,,,,
