Name,Class,Affinity,Portrait,Lv,HP,Atk,Skl,Spd,Def,Res,Luck,Con,Mov,Sword,Lance,Axe,Bow,Staff,Anima,Light,Dark,HP Growth,Atk Growth,Skl Growth,Spd Growth,Def Growth,Res Growth,Luck Growth,Leadership,Skills,Promotes,Promotion Class,HP Gains,Atk Gains,Skl Gains,Spd Gains,Def Gains,Res Gains,Con Gains,Mov Gains,Sword Gains,Lance Gains,Axe Gains,Bow Gains,Staff Gains,Anima Gains,Light Gains,Dark Gains
Storch,Brawler,<:AffinWater:1083550081002786836>,https://cdn.discordapp.com/attachments/1081990677140869281/1084161975740805170/Portrait_Editor_VisionQuestv3.gba_202_Storch_01B2CF58.png,1,26,7,6,7,5,3,9,11,5,D,NoRank,NoRank,NoRank,NoRank,NoRank,NoRank,NoRank,80,50,35,45,35,25,40,1,"Charisma, Shove, Desperation (Brawler 15)",Yes,Gladiator,5,3,2,3,2,2,2,1,+40,None,C,None,None,None,None,None
Vagelis,Bow Fighter,<:AffinAnima:1083548168672792697>,https://cdn.discordapp.com/attachments/1081990677140869281/1084161977665990757/Portrait_Editor_VisionQuestv3.gba_505_Vagelis_01B2CFAC.png,1,27,8,5,6,5,2,7,13,5,NoRank,NoRank,NoRank,D,NoRank,NoRank,NoRank,NoRank,75,55,45,40,20,20,40,0,"Nihil, Shove, Fiery Blood (Fighter 15)",Yes,Warrior,4,2,1,3,2,3,2,1,None,None,C,+40,None,None,None,None
Arckady,Axe Mercenary,<:AffinFire:1083548172254720080>,https://cdn.discordapp.com/attachments/1081990677140869281/1084161976156028938/Portrait_Editor_VisionQuestv3.gba_606_Arckady_01B2CFC8.png,1,25,6,8,8,5,2,6,10,5,NoRank,NoRank,D,NoRank,NoRank,NoRank,NoRank,NoRank,70,45,45,55,20,20,30,0,"Gentilhomme, Shove, Strong Riposte (Mercenary 15)",Yes,Hero,3,2,3,1,2,3,1,1,C,None,None,None,None,None,None,None
Esfir,Thief,<:AffinThunder:1083548174637084703>,https://cdn.discordapp.com/attachments/1081990677140869281/1084161975950516234/Portrait_Editor_VisionQuestv3.gba_404_Esfir_01B2CF90.png,9,25,7,10,14,6,4,7,7,6,C,NoRank,NoRank,NoRank,NoRank,NoRank,NoRank,NoRank,65,30,45,50,15,15,35,0,"Pass, Shove, Steal, Cunning, Locktouch (Rogue 1), Steal+ (Rogue 5)",Yes,Rogue,4,1,2,2,2,4,1,0,None,None,None,None,None,None,None,None
Lera,Mage,<:AffinDark:1083548169901707285>,https://cdn.discordapp.com/attachments/1081990677140869281/1084161976361562323/Portrait_Editor_VisionQuestv3.gba_707_Lera_01B2CFE4.png,1,22,5,5,6,2,5,10,5,5,NoRank,NoRank,NoRank,NoRank,NoRank,E,NoRank,NoRank,50,45,35,45,20,45,55,0,"Miracle, Shove, Discipline+ (Mage 15)",Yes,Sage,3,3,2,1,3,3,1,1,None,None,None,None,C,None,None,None
Natsuko,Sword Pegasus,<:AffinAnima:1083548168672792697>,https://cdn.discordapp.com/attachments/1081990677140869281/1084161976575467690/Portrait_Editor_VisionQuestv3.gba_808_Natsuko_01B2D000.png,2,23,5,7,9,4,8,7,6,7,D,NoRank,NoRank,NoRank,NoRank,NoRank,NoRank,NoRank,70,35,40,50,20,40,35,0,"Light Weight, Canto, Wind Disciple (Pegasus 15)",Yes,Falcoknight,5,2,2,1,2,2,2,1,None,C,None,None,None,None,None,None
Marlen,Sword Cavalier,<:AffinWind:1083548175928926208>,https://cdn.discordapp.com/attachments/1081990677140869281/1084161976797757450/Portrait_Editor_VisionQuestv3.gba_909_Marlen_01B2D01C.png,1,25,7,7,7,7,3,10,7,7,E,NoRank,NoRank,NoRank,NoRank,NoRank,NoRank,NoRank,85,50,35,35,35,25,55,0,"Swap, Canto, Chivalry (Cavalier 15)",Yes,Paladin,4,2,2,1,1,4,2,1,None,C,None,None,None,None,None,None
Larisa,Lance Armor,<:AffinMoon:1083550079073407087>,https://cdn.discordapp.com/attachments/1081990677140869281/1084161977003290724/Portrait_Editor_VisionQuestv3.gba_100A_Larisa_01B2D038.png,3,27,9,8,6,12,3,7,11,5,NoRank,D,NoRank,NoRank,NoRank,NoRank,NoRank,NoRank,80,45,55,35,45,20,25,0,"Strong Riposte, Shove, Natural Cover (Armor 15)",Yes,General,5,2,2,2,3,3,2,1,C,None,C,None,None,None,None,None
Onisim,Priest,<:AffinIce:1083548173190045817>,https://cdn.discordapp.com/attachments/1081990677140869281/1084161977435291669/Portrait_Editor_VisionQuestv3.gba_140E_Onisim_01B2D0A8.png,4,29,5,8,8,7,5,9,11,5,NoRank,NoRank,NoRank,NoRank,D,NoRank,NoRank,NoRank,90,55,40,35,30,25,35,0,"Spur Resistance, Shove, Live to Serve (Priest 15)",Yes,Bishop,3,2,2,2,3,4,2,1,None,None,None,None,None,None,C,None
Nazar,Pirate,<:AffinWater:1083550081002786836>,https://cdn.discordapp.com/attachments/1081990677140869281/1084161977213001790/Portrait_Editor_VisionQuestv3.gba_120C_Nazar_01B2D070.png,5,31,11,7,8,5,1,7,12,5,NoRank,NoRank,C,NoRank,NoRank,NoRank,NoRank,NoRank,85,55,25,45,25,20,40,0,"Wrath, Shove, Intimidate (Pirate 15), Crit Boost (Berserker 5)",Yes,Berserker,5,2,3,1,2,3,2,1,None,None,+40,None,None,None,None,None
Sri,Bow Scout,<:AffinFire:1083548172254720080>,https://cdn.discordapp.com/attachments/1081990677140869281/1084169248571654194/Portrait_Editor_VisionQuestv3.gba_1610_Sri_01B2D0E0.png,5,29,8,10,9,6,1,5,9,7,NoRank,NoRank,NoRank,C,NoRank,NoRank,NoRank,NoRank,75,45,45,50,20,20,35,0,"Quick Burn, Canto, Forager (Scout 15)",Yes,Forrest Knight,4,2,2,1,2,3,2,1,C,None,None,None,None,None,None,None
Dewi,Troubadour,<:AffinAnima:1083548168672792697>,https://cdn.discordapp.com/attachments/1081990677140869281/1084169248286462062/Portrait_Editor_VisionQuestv3.gba_150F_Dewi_01B2D0C4.png,5,23,7,4,9,2,8,10,6,7,NoRank,NoRank,NoRank,NoRank,D,NoRank,NoRank,NoRank,50,45,35,45,10,45,55,0,"Bond, Canto, Voice of Peace (Troubadour 15)",Yes,Valkyrie,4,2,2,1,2,3,1,1,None,None,None,None,None,None,C,None
Gunnar,Sword Mercenary,<:AffinBlade:1083546703455592539>,https://cdn.discordapp.com/attachments/1081990677140869281/1084176545855328376/Portrait_Editor_VisionQuestv3.gba_8252_Gunnar_01B2D818.png,7,30,9,12,11,5,9,6,12,5,C,NoRank,NoRank,NoRank,NoRank,NoRank,NoRank,NoRank,75,40,45,55,15,45,20,0,"Hex, Shove, Strong Riposte (Mercenary 15)",Yes,Hero,3,2,3,1,2,3,1,1,None,None,C,None,None,None,None,None
Osane,Staff Mage,<:AffinMoon:1083550079073407087>,https://cdn.discordapp.com/attachments/1081990677140869281/1084179166573899907/Portrait_Editor_VisionQuestv3.gba_209D1_Osane_01B2E5FC.png,7,26,9,5,12,2,9,7,6,5,NoRank,NoRank,NoRank,NoRank,C,NoRank,NoRank,NoRank,75,55,30,55,10,35,35,0,"Anathema, Shove, Discipline+ (Mage 15)",Yes,Sage,3,3,2,1,3,3,1,1,None,None,None,None,None,C,None,None
Bosco,Soldier,<:AffinWater:1083550081002786836>,https://cdn.discordapp.com/attachments/1081990677140869281/1084179043231998113/Portrait_Editor_VisionQuestv3.gba_210D2_Bosco_01B2E618.png,8,32,12,11,9,9,2,7,12,5,NoRank,C,NoRank,NoRank,NoRank,NoRank,NoRank,NoRank,85,55,45,35,35,15,30,0,"Death Blow, Shove, Camaraderie (Soldier 15), Crit Boost (Halberdier 5)",Yes,Halberdier,5,2,1,2,3,3,1,1,None,None,None,None,None,None,None,None
Ruslan,Lance Wyvern,<:AffinWind:1083548175928926208>,https://cdn.discordapp.com/attachments/1081990677140869281/1084169250316505229/Portrait_Editor_VisionQuestv3.gba_2216_Ruslan_01B2D188.png,8,29,10,11,11,9,2,10,11,7,NoRank,C,NoRank,NoRank,NoRank,NoRank,NoRank,NoRank,85,35,50,40,25,15,45,0,"Reposition, Canto, Tantivy (Wyvern 15)",Yes,Wyvern Lord,5,3,1,1,2,2,1,1,None,None,C,None,None,None,None,None
Lajos,Sniper,<:AffinIce:1083548173190045817>,https://cdn.discordapp.com/attachments/1081990677140869281/1084176544756408340/Portrait_Editor_VisionQuestv3.gba_110B_Lajos_01B2D054.png,1,31,13,20,16,6,7,10,8,6,NoRank,NoRank,NoRank,B,NoRank,NoRank,NoRank,NoRank,65,30,45,30,15,25,20,0,"Swap, Certain Blow, Shove, Crit Boost (Sniper 5)",No,,,,,,,,,,,,,,,,,
Helga,Axe Wyvern,<:AffinIce:1083548173190045817>,https://cdn.discordapp.com/attachments/1081990677140869281/1084169249175646248/Portrait_Editor_VisionQuestv3.gba_1913_Helga_01B2D134.png,9,34,12,10,10,12,2,9,10,7,NoRank,NoRank,C,NoRank,NoRank,NoRank,NoRank,NoRank,90,55,40,35,35,10,35,0,"Initimidate, Canto, Tantivy (Wyvern 15)",Yes,Wyvern Lord,5,3,1,1,2,2,2,1,None,C,None,None,None,None,None,None
Titus,Mage Armor,<:AffinLight:1083548171281641583>,https://cdn.discordapp.com/attachments/1081990677140869281/1084169248898830356/Portrait_Editor_VisionQuestv3.gba_1711_Titus_01B2D0FC.png,9,33,10,12,7,13,5,8,9,5,NoRank,NoRank,NoRank,NoRank,NoRank,B,NoRank,NoRank,80,45,50,35,35,25,30,2,"Wrath, Shove, Pursuit (Mage Armor 15)",Yes,Baron,5,4,2,3,3,5,3,1,None,None,None,None,C,None,C,C
Otilie,Thief,<:AffinLight:1083548171281641583>,https://cdn.discordapp.com/attachments/1081990677140869281/1084176545465245736/Portrait_Editor_VisionQuestv3.gba_291D_Otilie_01B2D24C.png,7,26,7,9,15,5,4,12,5,6,C,NoRank,NoRank,NoRank,NoRank,NoRank,NoRank,NoRank,65,40,45,60,20,30,60,0,"Acrobat, Shove, Steal, Cunning, Locktouch (Rogue 1), Steal+ (Rogue 5)",Yes,Rogue,4,1,2,2,2,4,1,0,None,None,None,None,None,None,None,None
Zoya,Soldier,<:AffinThunder:1083548174637084703>,https://cdn.discordapp.com/attachments/1081990677140869281/1084169250605891584/Portrait_Editor_VisionQuestv3.gba_2418_Zoya_01B2D1C0.png,10,29,10,14,13,9,6,9,9,5,NoRank,C,NoRank,NoRank,NoRank,NoRank,NoRank,NoRank,75,40,55,45,25,20,35,0,"Spur Strength, Shove, Camaraderie (Soldier 15), Crit Boost (Halberdier 5)",Yes,Halberdier,5,2,1,2,3,3,1,1,None,None,None,None,None,None,None,None
Hollace,Sword Armor,<:AffinBlade:1083546703455592539>,https://cdn.discordapp.com/attachments/1081990677140869281/1084169250991788133/Portrait_Editor_VisionQuestv3.gba_2519_Hollace_01B2D1DC.png,10,35,14,10,8,15,2,10,13,5,C,NoRank,NoRank,NoRank,NoRank,NoRank,NoRank,NoRank,85,50,25,25,55,10,55,0,"Pivot, Shove, Natural Cover (Armor 15)",Yes,General,5,2,2,2,3,3,2,1,None,C,C,None,None,None,None,None
Honeydew,Axe Mercenary,<:AffinWater:1083550081002786836>,https://cdn.discordapp.com/attachments/1081990677140869281/1084176546656440410/Portrait_Editor_VisionQuestv3.gba_178B2__H_o_n_e_y_d_ew_01B2E298.png,10,29,10,12,15,7,4,13,9,5,NoRank,NoRank,C,NoRank,NoRank,NoRank,NoRank,NoRank,60,35,50,60,20,20,55,0,"Nihil, Shove, Strong Riposte (Mercenary 15)",Yes,Hero,3,2,3,1,2,3,1,1,C,None,None,None,None,None,None,None
Sarka,Paladin,<:AffinHeaven:1083546704915206225>,https://cdn.discordapp.com/attachments/1081990677140869281/1084176544999669830/Portrait_Editor_VisionQuestv3.gba_130D_Sarka_01B2D08C.png,1,36,13,17,19,7,8,14,9,8,C,A,NoRank,NoRank,NoRank,NoRank,NoRank,NoRank,55,30,30,45,15,25,35,0,"Pivot, Canto, Chivalry",No,,,,,,,,,,,,,,,,,
Duck,Axe Cavalier,<:AffinEarth:1083547498666262538>,https://cdn.discordapp.com/attachments/1081990677140869281/1084176545247154238/Portrait_Editor_VisionQuestv3.gba_2317_Duck_01B2D1A4.png,10,37,13,10,10,12,5,9,10,7,NoRank,NoRank,C,NoRank,NoRank,NoRank,NoRank,NoRank,75,50,35,35,45,15,35,0,"Pursuit, Canto, Chivalry (Cavalier 15)",Yes,Great Knight,4,2,2,1,2,2,2,0,None,C,None,None,None,None,None,None
Tien,Monk,<:AffinAnima:1083548168672792697>,https://cdn.discordapp.com/attachments/1081990677140869281/1084169251423780925/Portrait_Editor_VisionQuestv3.gba_271B_Tien_01B2D214.png,12,30,10,14,15,6,12,9,9,5,NoRank,NoRank,NoRank,NoRank,NoRank,NoRank,C,NoRank,55,40,45,45,15,45,35,0,"Slow Burn, Shove, Breath of Life (Monk 15)",Yes,Bishop,3,2,2,2,3,4,2,1,None,None,None,None,B,None,None,None
Freyja,Axe Fighter,<:AffinWind:1083548175928926208>,https://cdn.discordapp.com/attachments/1081990677140869281/1084172836077322300/Portrait_Editor_VisionQuestv3.gba_3422_Freyja_01B2D2D8.png,12,34,12,14,13,5,9,7,9,5,NoRank,NoRank,C,NoRank,NoRank,NoRank,NoRank,NoRank,70,40,55,50,10,35,25,0,"Darting Blow, Shove, Fiery Blood (Fighter 15)",Yes,Warrior,4,2,1,3,2,3,3,1,None,None,None,C,None,None,None,None
Naia,Myrmidon,<:AffinLight:1083548171281641583>,https://cdn.discordapp.com/attachments/1081990677140869281/1084172835259432980/Portrait_Editor_VisionQuestv3.gba_301E_Naia_01B2D268.png,12,33,13,15,17,9,8,13,7,5,B,NoRank,NoRank,NoRank,NoRank,NoRank,NoRank,NoRank,65,35,55,55,10,25,55,0,"Vantage, Shove, Duelist's Blow (Myrmidon 15), Crit Boost (Swordmaster 5)",Yes,Swordmaster,5,2,3,3,2,3,2,1,None,None,None,None,None,None,None,None
Dreyfus,Rogue,<:AffinIce:1083548173190045817>,https://cdn.discordapp.com/attachments/1081990677140869281/1084172836744216636/Portrait_Editor_VisionQuestv3.gba_3624_Dreyfus_01B2D310.png,3,33,10,15,20,10,8,7,11,6,B,NoRank,NoRank,NoRank,NoRank,NoRank,NoRank,NoRank,65,20,30,55,25,20,25,0,"Pivot, Shove, Steal, Cunning, Locktouch, Steal+ (Rogue 5)",No,,,,,,,,,,,,,,,,,
Cashew,Archer,<:AffinEarth:1083547498666262538>,https://cdn.discordapp.com/attachments/1081990677140869281/1084179043622072430/Portrait_Editor_VisionQuestv3.gba_211D3_Cashew_01B2E634.png,7,28,8,12,12,3,12,10,8,5,NoRank,NoRank,NoRank,D,NoRank,NoRank,NoRank,NoRank,65,40,45,55,15,45,55,0,"Nihil, Shove, Certain Blow (Archer 15), Crit Boost (Sniper 5)",Yes,Sniper,4,2,1,2,2,4,1,1,None,None,None,None,None,None,None,None
Vernon,Sage,<:AffinThunder:1083548174637084703>,https://cdn.discordapp.com/attachments/1081990677140869281/1084172835506892889/Portrait_Editor_VisionQuestv3.gba_3220_Vernon_01B2D2A0.png,3,35,15,18,15,8,17,10,8,6,NoRank,NoRank,NoRank,NoRank,B,A,NoRank,NoRank,55,35,30,25,15,35,30,0,"Spur Magic, Shove, Discipline+",No,,,,,,,,,,,,,,,,,
Hokulani,Lance Pegasus,<:AffinDark:1083548169901707285>,https://cdn.discordapp.com/attachments/1081990677140869281/1084172835796308119/Portrait_Editor_VisionQuestv3.gba_3321_Hokulani_01B2D2BC.png,15,37,17,10,15,7,13,9,7,7,NoRank,B,NoRank,NoRank,NoRank,NoRank,NoRank,NoRank,85,50,30,35,15,45,35,0,"Savior, Canto, Wind Disciple",Yes,Falcoknight,5,2,2,1,2,2,2,1,C,None,None,None,None,None,None,None
Mango,Sword Mercenary,<:AffinMoon:1083550079073407087>,https://cdn.discordapp.com/attachments/1081990677140869281/1084172836362539038/Portrait_Editor_VisionQuestv3.gba_3523_Mango_01B2D2F4.png,15,37,16,13,14,12,4,7,10,5,B,NoRank,NoRank,NoRank,NoRank,NoRank,NoRank,NoRank,85,55,35,40,30,15,30,0,"Thunderstorm, Shove, Strong Riposte",Yes,Hero,3,2,3,1,2,3,1,1,None,None,C,None,None,None,None,None
Menahan,Soldier,<:AffinEarth:1083547498666262538>,https://cdn.discordapp.com/attachments/1081990677140869281/1084179020981207182/Portrait_Editor_VisionQuestv3.gba_198C6_Menahan_01B2E4C8.png,15,37,13,16,18,10,5,12,11,5,NoRank,B,NoRank,NoRank,NoRank,NoRank,NoRank,NoRank,75,40,55,55,20,15,40,0,"Chivalry, Shove, Camaraderie, Crit Boost (Halberdier 5)",Yes,Halberdier,5,2,1,2,3,3,1,1,None,None,None,None,None,None,None,None
Jae,Sword Cavalier,<:AffinAnima:1083548168672792697>,https://cdn.discordapp.com/attachments/1081990677140869281/1084179021232873533/Portrait_Editor_VisionQuestv3.gba_199C7_Jae_01B2E4E4.png,15,35,13,16,17,10,11,11,9,7,B,NoRank,NoRank,NoRank,NoRank,NoRank,NoRank,NoRank,75,30,45,55,20,30,55,0,"Nihil, Canto, Chivalry",Yes,Paladin,4,2,2,1,1,4,2,1,None,C,None,None,None,None,None,None
Selanne,Lance Cavalier,<:AffinBlade:1083546703455592539>,https://cdn.discordapp.com/attachments/1081990677140869281/1084179021434212514/Portrait_Editor_VisionQuestv3.gba_200C8_Selanne_01B2E500.png,15,39,17,13,14,13,6,11,10,7,NoRank,NoRank,B,NoRank,NoRank,NoRank,NoRank,NoRank,80,50,45,35,35,25,30,0,"Wrath, Canto, Chivalry",Yes,Paladin,4,2,2,1,1,4,2,1,C,None,None,None,None,None,None,None
Rakkaus,Berserker,<:AffinHeaven:1083546704915206225>,https://cdn.discordapp.com/attachments/1081990677140869281/1084179042510577684/Portrait_Editor_VisionQuestv3.gba_208D0_Rakkaus_01B2E5E0.png,4,48,23,17,16,9,3,7,13,6,NoRank,NoRank,A,NoRank,NoRank,NoRank,NoRank,NoRank,70,45,20,25,15,15,30,0,"Slow Burn, Intimidate, Shove",No,,,,,,,,,,,,,,,,,
Cygnus,Axe Fighter,<:AffinLight:1083548171281641583>,https://cdn.discordapp.com/attachments/1081990677140869281/1084179021690044426/Portrait_Editor_VisionQuestv3.gba_201C9_Cygnus_01B2E51C.png,17,43,19,15,14,10,5,11,12,5,NoRank,NoRank,B,NoRank,NoRank,NoRank,NoRank,NoRank,90,55,35,35,25,15,45,0,"Pragmatic, Fiery Blood, Shove",Yes,Warrior,4,2,1,3,2,3,2,1,None,None,+40,C,None,None,None,None
Maelle,Troubadour,<:AffinWater:1083550081002786836>,https://cdn.discordapp.com/attachments/1081990677140869281/1084179021882990732/Portrait_Editor_VisionQuestv3.gba_202CA_Maelle_01B2E538.png,15,33,14,9,14,12,11,14,5,7,NoRank,NoRank,NoRank,NoRank,C,NoRank,NoRank,NoRank,65,45,35,35,30,25,60,0,"Reposition, Canto, Voice of Peace (Troubadour 15)",Yes,Valkyrie,4,2,2,1,2,3,1,1,None,None,None,None,None,None,C,None
Waluyo,Great Chief,<:AffinThunder:1083548174637084703>,https://cdn.discordapp.com/attachments/1081990677140869281/1084169249918025728/Portrait_Editor_VisionQuestv3.gba_2014_Waluyo_01B2D150.png,3,45,17,19,17,12,10,12,11,8,NoRank,NoRank,A,C,NoRank,NoRank,NoRank,NoRank,65,40,35,45,25,25,45,2,"Savior, Canto, Quick Draw",No,,,,,,,,,,,,,,,,,
Kusuma,Sword Scout,<:AffinWater:1083550081002786836>,https://cdn.discordapp.com/attachments/1081990677140869281/1084172837092339713/Portrait_Editor_VisionQuestv3.gba_3725_Kusuma_01B2D32C.png,13,36,12,14,15,6,6,11,8,7,B,NoRank,NoRank,NoRank,NoRank,NoRank,NoRank,NoRank,65,40,55,45,10,20,50,0,"Swap, Canto, Forager (Scout 15)",Yes,Forrest Knight,4,2,2,1,2,2,1,1,None,None,None,C,None,None,None,None
Ketut,Cleric,<:AffinDark:1083548169901707285>,https://cdn.discordapp.com/attachments/1081990677140869281/1084172837406920895/Portrait_Editor_VisionQuestv3.gba_3826_Ketut_01B2D348.png,14,30,14,9,13,5,15,15,5,5,NoRank,NoRank,NoRank,NoRank,B,NoRank,NoRank,NoRank,65,45,25,55,10,45,55,0,"Miracle, Shove, Live to Serve (Cleric 15)",Yes,Bishop,3,2,2,2,3,4,3,1,None,None,None,None,None,None,C,None
Surya,Brigand,<:AffinLight:1083548171281641583>,https://cdn.discordapp.com/attachments/1081990677140869281/1084174645344862278/Portrait_Editor_VisionQuestv3.gba_422A_Surya_01B2D3B8.png,13,43,16,13,13,10,6,13,13,5,NoRank,NoRank,B,NoRank,NoRank,NoRank,NoRank,NoRank,85,55,40,45,25,20,15,0,"Vantage, Shove, Intimidate (Brigand 15), Crit Boost (Berserker 5)",Yes,Berserker,5,2,3,1,2,3,2,1,None,None,None,None,None,None,None,None
Bulan,Shaman,<:AffinIce:1083548173190045817>,https://cdn.discordapp.com/attachments/1081990677140869281/1084174645059657748/Portrait_Editor_VisionQuestv3.gba_4129_Bulan_01B2D39C.png,13,31,15,10,12,6,12,10,8,5,NoRank,NoRank,NoRank,NoRank,NoRank,NoRank,NoRank,B,70,55,25,40,20,40,35,0,"Demoiselle, Shove, Hex (Shaman 15)",Yes,Druid,5,2,1,3,3,2,1,1,None,None,None,None,C,None,None,None
Michael,Bard,<:AffinWind:1083548175928926208>,https://cdn.discordapp.com/attachments/1081990677140869281/1084172835041333248/Portrait_Editor_VisionQuestv3.gba_281C_Michael_01B2D230.png,10,23,1,2,14,4,8,15,7,5,NoRank,NoRank,NoRank,NoRank,NoRank,NoRank,NoRank,NoRank,75,5,5,70,30,45,90,0,"Acrobat, Dance, Shove, Bond (Bard 15)",No,,,,,,,,,,,,,,,,,
Anisa,Archer,<:AffinMoon:1083550079073407087>,https://cdn.discordapp.com/attachments/1081990677140869281/1084174646884188191/Portrait_Editor_VisionQuestv3.gba_7046_Anisa_01B2D6C8.png,13,33,12,14,13,7,7,10,7,5,NoRank,NoRank,NoRank,B,NoRank,NoRank,NoRank,NoRank,60,35,55,55,15,25,45,0,"Spur Speed, Shove, Certain Blow (Archer 15)",Yes,Sniper,4,2,2,2,1,4,1,1,None,None,None,None,None,None,None,None
Kir,Axe Armor,<:AffinWater:1083550081002786836>,https://cdn.discordapp.com/attachments/1081990677140869281/1084174646515073034/Portrait_Editor_VisionQuestv3.gba_6945_Kir_01B2D6AC.png,13,43,18,12,10,16,2,11,13,5,NoRank,NoRank,B,NoRank,NoRank,NoRank,NoRank,NoRank,95,55,25,30,40,10,35,0,"Spur Defense, Shove, Natural Cover (Armor 15)",Yes,General,5,2,2,2,3,3,2,1,C,C,None,None,None,None,None,None
Cajon,Lance Cavalier,<:AffinHeaven:1083546704915206225>,https://cdn.discordapp.com/attachments/1081990677140869281/1084174645579759726/Portrait_Editor_VisionQuestv3.gba_432B_Cajon_01B2D3D4.png,14,38,13,15,14,11,10,13,10,7,NoRank,B,NoRank,NoRank,NoRank,NoRank,NoRank,NoRank,75,35,45,45,25,20,40,0,"Charm, Canto, Chivalry (Cavalier 15)",Yes,Paladin,4,2,2,1,1,4,2,1,C,None,None,None,None,None,None,None
Stina,Axe Cavalier,<:AffinFire:1083548172254720080>,https://cdn.discordapp.com/attachments/1081990677140869281/1084174645890121869/Portrait_Editor_VisionQuestv3.gba_442C_Stina_01B2D3F0.png,14,39,15,11,12,14,5,10,9,7,NoRank,NoRank,C,NoRank,NoRank,NoRank,NoRank,NoRank,95,55,30,30,40,10,30,0,"Reposition, Canto, Chivalry (Cavalier 15)",Yes,Great Knight,4,2,2,1,2,2,2,0,None,C,None,None,None,None,None,None
Onderdonk,Wyvern Lord,<:AffinLight:1083548171281641583>,https://cdn.discordapp.com/attachments/1081990677140869281/1084172837625020506/Portrait_Editor_VisionQuestv3.gba_3927__O_n_d_e_r_d_o_n_k_01B2D364.png,4,47,19,16,15,16,6,10,12,8,NoRank,A,A,NoRank,NoRank,NoRank,NoRank,NoRank,70,35,25,30,35,10,35,0,"Puissance, Canto, Tantivy",No,,,,,,,,,,,,,,,,,
Radoslav,Shaman,<:AffinEarth:1083547498666262538>,https://cdn.discordapp.com/attachments/1081990677140869281/1084179022071746700/Portrait_Editor_VisionQuestv3.gba_203CB__R_a_d_o_sl_a_v_01B2E554.png,15,36,16,12,13,10,6,9,14,5,NoRank,NoRank,NoRank,NoRank,NoRank,NoRank,NoRank,B,75,55,35,35,25,25,25,0,"Armored Blow, Hex, Shove",Yes,Druid,5,2,1,2,3,3,1,1,None,None,None,None,C,None,None,None
Seruni,Bow Scout,<:AffinFire:1083548172254720080>,https://cdn.discordapp.com/attachments/1081990677140869281/1084179042284097668/Portrait_Editor_VisionQuestv3.gba_204CC_Seruni_01B2E570.png,13,35,13,15,16,5,6,13,7,7,NoRank,NoRank,NoRank,A,NoRank,NoRank,NoRank,NoRank,60,45,60,55,15,20,55,0,"Perfectionist, Canto, Forager (Scout 15)",Yes,Forrest Knight,4,2,2,1,2,2,1,1,C,None,None,None,None,None,None,None
Zakawat,Mage,<:AffinEarth:1083547498666262538>,https://cdn.discordapp.com/attachments/1081990677140869281/1084174647546871818/Portrait_Editor_VisionQuestv3.gba_8151_Zakawat_01B2D7FC.png,15,39,14,13,14,9,15,9,12,5,NoRank,NoRank,NoRank,NoRank,NoRank,B,NoRank,NoRank,80,35,35,30,30,45,55,0,"Nihil, Discipline+, Shove",Yes,Sage,4,2,2,1,2,3,1,1,None,None,None,None,C,None,None,None
Zuljalal,Myrmidon,<:AffinFire:1083548172254720080>,https://cdn.discordapp.com/attachments/1081990677140869281/1084176546127945798/Portrait_Editor_VisionQuestv3.gba_8656_Zuljalal_01B2D888.png,15,38,15,17,17,10,5,10,10,5,B,NoRank,NoRank,NoRank,NoRank,NoRank,NoRank,NoRank,85,40,55,45,20,10,25,0,"Wrath, Shove, Duelist's Blow, Crit Boost (Swordmaster 5)",Yes,Swordmaster,5,2,3,3,2,2,2,1,None,None,None,None,None,None,None,None
Batari,Valkyrie,<:AffinMoon:1083550079073407087>,https://cdn.discordapp.com/attachments/1081990677140869281/1084176546870337556/Portrait_Editor_VisionQuestv3.gba_179B3_Batari_01B2E2B4.png,4,36,13,18,20,5,13,10,7,8,NoRank,NoRank,NoRank,NoRank,A,NoRank,A,NoRank,65,20,25,45,5,35,25,0,"Lily's Poise, Canto, Voice of Peace",No,,,,,,,,,,,,,,,,,
Erasmus,Paladin,<:AffinLight:1083548171281641583>,https://cdn.discordapp.com/attachments/1081990677140869281/1084169251214077952/Portrait_Editor_VisionQuestv3.gba_261A_Erasmus_01B2D1F8.png,4,39,17,18,17,13,13,11,10,8,A,S,NoRank,NoRank,NoRank,NoRank,NoRank,NoRank,60,35,25,35,30,30,35,0,"Knight Aspirant, Canto, Chivalry",No,,,,,,,,,,,,,,,,,
Timmonen,Halberdier,<:AffinIce:1083548173190045817>,https://cdn.discordapp.com/attachments/1081990677140869281/1084174647270056126/Portrait_Editor_VisionQuestv3.gba_754B_Timm_o_n_e_n_01B2D754.png,7,46,20,25,20,13,10,9,10,6,NoRank,S,NoRank,NoRank,NoRank,NoRank,NoRank,NoRank,60,25,45,25,25,10,25,1,"Reposition, Shove, Camaraderie, Crit Boost",No,,,,,,,,,,,,,,,,,
Sigrid,Monk,<:AffinEarth:1083547498666262538>,https://cdn.discordapp.com/attachments/1081990677140869281/1084174647760797726/Portrait_Editor_VisionQuestv3.gba_1086C_Sigrid_01B2DAF0.png,5,26,8,10,10,4,12,14,5,5,NoRank,NoRank,NoRank,NoRank,NoRank,NoRank,C,NoRank,75,55,65,65,30,45,55,0,"Paragon, Shove, Breath of Life (Monk 15)",Yes,Bishop,3,2,2,2,3,4,2,1,None,None,None,None,B,None,None,None
Cassius,Druid,<:AffinThunder:1083548174637084703>,https://cdn.discordapp.com/attachments/1081990677140869281/1084174646221488219/Portrait_Editor_VisionQuestv3.gba_633F_Cassius_01B2D604.png,10,39,22,16,16,16,25,9,9,6,NoRank,NoRank,NoRank,NoRank,A,NoRank,NoRank,S,50,35,15,20,20,15,30,0,"Summon, Hex, Shove",No,,,,,,,,,,,,,,,,,
Anwen,Bishop,<:AffinHeaven:1083546704915206225>,https://cdn.discordapp.com/attachments/1081990677140869281/1084179043861143602/Portrait_Editor_VisionQuestv3.gba_212D4_Anwen_01B2E650.png,10,37,20,22,21,7,28,14,8,6,NoRank,NoRank,NoRank,NoRank,S,NoRank,S,NoRank,65,15,20,20,5,30,25,0,"Boon, Shove, Live to Serve",No,,,,,,,,,,,,,,,,,
Zuzana,Hero,<:AffinFire:1083548172254720080>,https://cdn.discordapp.com/attachments/1081990677140869281/1084176545645592576/Portrait_Editor_VisionQuestv3.gba_784E_Zuzana_01B2D7A8.png,15,52,23,28,25,16,9,6,9,6,S,NoRank,S,NoRank,NoRank,NoRank,NoRank,NoRank,70,25,35,25,15,10,25,1,"Puissance, Shove, Strong Riposte",No,,,,,,,,,,,,,,,,,
Lori,Warrior,<:AffinHeaven:1083546704915206225>,https://cdn.discordapp.com/attachments/1081990677140869281/1084176546400567386/Portrait_Editor_VisionQuestv3.gba_8757_Lori_01B2D8A4.png,15,65,28,24,24,16,13,18,12,6,NoRank,NoRank,S,S,NoRank,NoRank,NoRank,NoRank,70,35,15,20,15,15,35,2,"Inspiration, Shove, Fiery Blood",No,,,,,,,,,,,,,,,,,
